2013010100	5	0	0
2013010101	6	0	0
2013010102	5	0	0
2013010103	5	0	0
2013010104	5	0	0
2013010105	6	0	10
2013010106	6	0	10
2013010107	6	0	0
2013010108	7	0	0
2013010109	6	0	0
2013010110	5	0	0
2013010111	6	0	0
2013010112	8	0	0
2013010113	3	0	0
2013010114	3	0	0
2013010115	4	0	0
2013010116	4	0	0
2013010117	6	0	0
2013010118	6	0	0
2013010119	6	0	0
2013010120	6	0	0
2013010121	6	0	0
2013010122	5	0	0
2013010123	7	0	0
2013010200	5	0	0
2013010201	5	0	0
2013010202	4	0	0
2013010203	4	0	0
2013010204	3	0	0
2013010205	3	0	0
2013010206	3	0	0
2013010207	3	0	0
2013010208	4	0	0
2013010209	3	0	0
2013010210	3	0	0
2013010211	3	0	0
2013010212	4	0	0
2013010213	3	0	0
2013010214	4	0	0
2013010215	4	0	0
2013010216	4	0	0
2013010217	4	0	0
2013010218	4	0	0
2013010219	4	0	0
2013010220	5	0	0
2013010221	6	0	0
2013010222	6	0	11
2013010223	6	0	10
2013010300	6	0	11
2013010301	6	0	0
2013010302	6	0	0
2013010303	5	0	0
2013010304	6	0	0
2013010305	5	0	0
2013010306	6	0	0
2013010307	6	0	0
2013010308	5	0	0
2013010309	5	0	0
2013010310	5	0	0
2013010311	6	0	0
2013010312	6	0	0
2013010313	7	0	0
2013010314	6	0	0
2013010315	6	0	0
2013010316	6	0	0
2013010317	6	0	0
2013010318	8	13	13
2013010319	8	0	13
2013010320	8	0	13
2013010321	7	12	13
2013010322	7	0	12
2013010323	7	12	12
2013010400	7	0	13
2013010401	7	0	12
2013010402	7	0	11
2013010403	7	12	12
2013010404	7	0	11
2013010405	6	0	11
2013010406	5	0	12
2013010407	6	0	0
2013010408	5	0	0
2013010409	5	0	0
2013010410	6	11	11
2013010411	5	0	11
2013010412	5	0	11
2013010413	5	0	0
2013010414	5	0	0
2013010415	4	0	0
2013010416	4	0	0
2013010417	4	0	0
2013010418	5	0	0
2013010419	3	0	0
2013010420	4	0	0
2013010421	4	0	0
2013010422	3	0	0
2013010423	3	0	0
2013010500	3	0	0
2013010501	3	0	0
2013010502	4	0	0
2013010503	6	0	13
2013010504	7	0	0
2013010505	6	11	11
2013010506	6	0	13
2013010507	6	11	12
2013010508	5	10	12
2013010509	6	0	12
2013010510	6	0	13
2013010511	5	0	11
2013010512	6	0	13
2013010513	5	0	11
2013010514	5	0	0
2013010515	5	0	11
2013010516	4	0	0
2013010517	5	0	0
2013010518	3	0	11
2013010519	3	0	0
2013010520	3	0	0
2013010521	3	0	0
2013010522	2	0	0
2013010523	3	0	0
2013010600	2	0	0
2013010601	2	0	0
2013010602	1	0	0
2013010603	3	0	0
2013010604	3	0	0
2013010605	3	0	0
2013010606	3	0	0
2013010607	3	0	0
2013010608	3	0	0
2013010609	3	0	0
2013010610	3	0	0
2013010611	3	0	0
2013010612	3	0	0
2013010613	5	0	0
2013010614	3	0	0
2013010615	4	0	0
2013010616	3	0	0
2013010617	3	0	0
2013010618	3	0	0
2013010619	4	0	0
2013010620	4	0	0
2013010621	4	0	0
2013010622	4	0	0
2013010623	3	0	0
2013010700	3	0	0
2013010701	4	0	0
2013010702	3	0	0
2013010703	3	0	0
2013010704	3	0	0
2013010705	2	0	0
2013010706	3	0	0
2013010707	3	0	0
2013010708	2	0	0
2013010709	2	0	0
2013010710	3	0	0
2013010711	3	0	0
2013010712	3	0	0
2013010713	2	0	0
2013010714	1	0	0
2013010715	2	0	0
2013010716	2	0	0
2013010717	2	0	0
2013010718	2	0	0
2013010719	1	0	0
2013010720	1	0	0
2013010721	1	0	0
2013010722	1	0	0
2013010723	1	0	0
2013010800	1	0	0
2013010801	2	0	0
2013010802	2	0	0
2013010803	3	0	0
2013010804	4	0	0
2013010805	4	0	0
2013010806	5	0	0
2013010807	4	0	0
2013010808	5	0	0
2013010809	5	0	0
2013010810	6	0	0
2013010811	6	0	0
2013010812	7	0	0
2013010813	6	0	0
2013010814	6	0	0
2013010815	4	0	0
2013010816	5	0	0
2013010817	5	0	0
2013010818	4	0	0
2013010819	4	0	0
2013010820	3	0	0
2013010821	3	0	0
2013010822	3	0	0
2013010823	3	0	0
2013010900	2	0	0
2013010901	3	0	0
2013010902	3	0	0
2013010903	2	0	0
2013010904	2	0	0
2013010905	3	0	0
2013010906	3	0	0
2013010907	3	0	0
2013010908	3	0	0
2013010909	4	0	0
2013010910	5	0	0
2013010911	4	0	0
2013010912	4	0	0
2013010913	4	0	0
2013010914	4	0	0
2013010915	4	0	0
2013010916	4	0	0
2013010917	6	0	0
2013010918	6	0	0
2013010919	6	0	0
2013010920	5	0	0
2013010921	6	0	0
2013010922	5	0	0
2013010923	6	0	0
2013011000	7	0	0
2013011001	5	0	0
2013011002	5	0	0
2013011003	6	0	0
2013011004	6	0	0
2013011005	6	0	0
2013011006	6	0	0
2013011007	6	0	0
2013011008	5	0	0
2013011009	4	0	0
2013011010	4	0	0
2013011011	4	0	0
2013011012	3	0	0
2013011013	4	0	0
2013011014	3	0	0
2013011015	3	0	0
2013011016	4	0	0
2013011017	4	0	0
2013011018	4	0	0
2013011019	3	0	0
2013011020	3	0	0
2013011021	3	0	0
2013011022	4	0	0
2013011023	4	0	0
2013011100	3	0	0
2013011101	3	0	0
2013011102	3	0	0
2013011103	3	0	0
2013011104	3	0	0
2013011105	3	0	0
2013011106	3	0	0
2013011107	5	0	0
2013011108	3	0	0
2013011109	3	0	0
2013011110	3	0	0
2013011111	2	0	0
2013011112	2	0	0
2013011113	2	0	0
2013011114	3	0	0
2013011115	2	0	0
2013011116	2	0	0
2013011117	2	0	0
2013011118	2	0	0
2013011119	0	0	0
2013011120	3	0	0
2013011121	2	0	0
2013011122	2	0	0
2013011123	1	0	0
2013011200	2	0	0
2013011201	3	0	0
2013011202	4	0	0
2013011203	3	0	0
2013011204	3	0	0
2013011205	3	0	0
2013011206	3	0	0
2013011207	3	0	0
2013011208	3	0	0
2013011209	2	0	0
2013011210	3	0	0
2013011211	3	0	0
2013011212	3	0	0
2013011213	3	0	0
2013011214	4	0	0
2013011215	3	0	0
2013011216	4	0	0
2013011217	4	0	0
2013011218	4	0	0
2013011219	3	0	0
2013011220	4	0	0
2013011221	4	0	0
2013011222	2	0	0
2013011223	1	0	0
2013011300	1	0	0
2013011301	4	0	0
2013011302	3	0	0
2013011303	4	0	0
2013011304	3	0	0
2013011305	3	0	0
2013011306	3	0	0
2013011307	3	0	0
2013011308	3	0	0
2013011309	2	0	0
2013011310	3	0	0
2013011311	4	0	0
2013011312	3	0	0
2013011313	2	0	0
2013011314	2	0	0
2013011315	2	0	0
2013011316	2	0	0
2013011317	3	0	0
2013011318	1	0	0
2013011319	1	0	0
2013011320	1	0	0
2013011321	1	0	0
2013011322	2	0	0
2013011323	2	0	0
2013011400	2	0	0
2013011401	1	0	0
2013011402	2	0	0
2013011403	2	0	0
2013011404	1	0	0
2013011405	2	0	0
2013011406	2	0	0
2013011407	3	0	0
2013011408	2	0	0
2013011409	2	0	0
2013011410	2	0	0
2013011411	5	0	0
2013011412	5	0	0
2013011413	5	0	0
2013011414	5	0	0
2013011415	6	11	11
2013011416	5	0	0
2013011417	5	0	0
2013011418	6	0	11
2013011419	6	0	0
2013011420	6	0	0
2013011421	7	0	0
2013011422	6	0	0
2013011423	6	0	0
2013011500	5	0	0
2013011501	6	0	0
2013011502	6	0	0
2013011503	4	0	0
2013011504	4	0	0
2013011505	4	0	0
2013011506	5	0	0
2013011507	3	0	0
2013011508	3	0	0
2013011509	3	0	0
2013011510	3	0	0
2013011511	3	0	0
2013011512	2	0	0
2013011513	2	0	0
2013011514	2	0	0
2013011515	2	0	0
2013011516	1	0	0
2013011517	2	0	0
2013011518	1	0	0
2013011519	3	0	0
2013011520	2	0	0
2013011521	1	0	0
2013011522	2	0	0
2013011523	2	0	0
2013011600	2	0	0
2013011601	2	0	0
2013011602	3	0	0
2013011603	2	0	0
2013011604	2	0	0
2013011605	2	0	0
2013011606	1	0	0
2013011607	2	0	0
2013011608	3	0	0
2013011609	3	0	0
2013011610	3	0	0
2013011611	3	0	0
2013011612	3	0	0
2013011613	3	0	0
2013011614	4	0	0
2013011615	3	0	0
2013011616	3	8	8
2013011617	3	0	0
2013011618	3	0	8
2013011619	4	0	0
2013011620	3	0	0
2013011621	3	0	0
2013011622	3	0	0
2013011623	3	0	0
2013011700	3	0	0
2013011701	4	0	0
2013011702	4	0	8
2013011703	4	0	8
2013011704	5	0	0
2013011705	4	0	0
2013011706	6	0	8
2013011707	4	0	0
2013011708	4	0	0
2013011709	4	0	9
2013011710	4	0	0
2013011711	4	0	0
2013011712	3	0	9
2013011713	4	0	0
2013011714	4	0	0
2013011715	4	0	0
2013011716	4	0	0
2013011717	3	0	0
2013011718	3	0	0
2013011719	3	0	0
2013011720	3	0	0
2013011721	4	0	0
2013011722	3	0	0
2013011723	3	0	0
2013011800	3	0	0
2013011801	3	0	0
2013011802	3	0	0
2013011803	3	0	0
2013011804	4	0	0
2013011805	4	0	0
2013011806	3	0	0
2013011807	3	0	0
2013011808	2	0	0
2013011809	3	0	0
2013011810	2	0	0
2013011811	3	0	0
2013011812	2	0	0
2013011813	1	0	0
2013011814	2	0	0
2013011815	3	0	0
2013011816	3	0	0
2013011817	2	0	0
2013011818	2	0	0
2013011819	2	0	0
2013011820	3	0	0
2013011821	2	0	0
2013011822	3	0	0
2013011823	2	0	0
2013011900	3	0	0
2013011901	2	0	0
2013011902	2	0	0
2013011903	1	0	0
2013011904	2	0	0
2013011905	2	0	0
2013011906	2	0	0
2013011907	2	0	0
2013011908	2	0	0
2013011909	2	0	0
2013011910	2	0	0
2013011911	3	0	0
2013011912	3	0	0
2013011913	3	0	0
2013011914	2	0	0
2013011915	3	0	0
2013011916	3	0	0
2013011917	3	0	0
2013011918	2	0	0
2013011919	2	0	0
2013011920	3	0	0
2013011921	2	0	0
2013011922	1	0	0
2013011923	1	0	0
2013012000	2	0	0
2013012001	2	0	0
2013012002	2	0	0
2013012003	1	0	0
2013012004	0	0	0
2013012005	2	0	0
2013012006	2	0	0
2013012007	1	0	0
2013012008	2	0	0
2013012009	2	0	0
2013012010	2	0	0
2013012011	2	0	0
2013012012	2	0	0
2013012013	2	0	0
2013012014	2	0	0
2013012015	2	0	0
2013012016	2	0	0
2013012017	1	0	0
2013012018	1	0	0
2013012019	0	0	0
2013012020	1	0	0
2013012021	1	0	0
2013012022	1	0	0
2013012023	0	0	0
2013012100	1	0	0
2013012101	2	0	0
2013012102	0	0	0
2013012103	1	0	0
2013012104	1	0	0
2013012105	1	0	0
2013012106	0	0	0
2013012107	1	0	0
2013012108	1	0	0
2013012109	1	0	0
2013012110	0	0	0
2013012111	1	0	0
2013012112	1	0	0
2013012113	2	0	0
2013012114	2	0	0
2013012115	2	0	0
2013012116	3	0	0
2013012117	3	0	0
2013012118	3	0	0
2013012119	3	0	0
2013012120	3	0	0
2013012121	3	0	0
2013012122	3	0	0
2013012123	3	0	0
2013012200	3	0	0
2013012201	3	0	0
2013012202	3	0	0
2013012203	2	0	0
2013012204	2	0	0
2013012205	2	0	0
2013012206	3	0	0
2013012207	2	0	0
2013012208	1	0	0
2013012209	2	0	0
2013012210	2	0	0
2013012211	2	0	0
2013012212	3	0	0
2013012213	2	0	0
2013012214	2	0	0
2013012215	2	0	0
2013012216	3	0	0
2013012217	3	0	0
2013012218	2	0	0
2013012219	1	0	0
2013012220	2	0	0
2013012221	1	0	0
2013012222	2	0	0
2013012223	2	0	0
2013012300	2	0	0
2013012301	3	0	0
2013012302	1	0	0
2013012303	1	0	0
2013012304	0	0	0
2013012305	1	0	0
2013012306	1	0	0
2013012307	1	0	0
2013012308	1	0	0
2013012309	1	0	0
2013012310	1	0	0
2013012311	1	0	0
2013012312	2	0	0
2013012313	2	0	0
2013012314	2	0	0
2013012315	3	0	0
2013012316	2	0	0
2013012317	2	0	0
2013012318	2	0	0
2013012319	3	0	0
2013012320	4	0	0
2013012321	2	0	0
2013012322	2	0	0
2013012323	2	0	0
2013012400	1	0	0
2013012401	1	0	0
2013012402	2	0	0
2013012403	2	0	0
2013012404	2	0	0
2013012405	2	0	0
2013012406	2	0	0
2013012407	1	0	0
2013012408	0	0	0
2013012409	1	0	0
2013012410	1	0	0
2013012411	2	0	0
2013012412	2	0	0
2013012413	1	0	0
2013012414	1	0	0
2013012415	0	0	0
2013012416	1	0	0
2013012417	2	0	0
2013012418	0	0	0
2013012419	1	0	0
2013012420	0	0	0
2013012421	1	0	0
2013012422	1	0	0
2013012423	1	0	0
2013012500	0	0	0
2013012501	1	0	0
2013012502	2	0	0
2013012503	0	0	0
2013012504	1	0	0
2013012505	1	0	0
2013012506	1	0	0
2013012507	0	0	0
2013012508	1	0	0
2013012509	0	0	0
2013012510	1	0	0
2013012511	1	0	0
2013012512	1	0	0
2013012513	1	0	0
2013012514	1	0	0
2013012515	0	0	0
2013012516	0	0	0
2013012517	1	0	0
2013012518	1	0	0
2013012519	0	0	0
2013012520	1	0	0
2013012521	2	0	0
2013012522	1	0	0
2013012523	1	0	0
2013012600	1	0	0
2013012601	2	0	0
2013012602	1	0	0
2013012603	1	0	0
2013012604	2	0	0
2013012605	2	0	0
2013012606	3	0	0
2013012607	3	0	0
2013012608	2	0	0
2013012609	4	0	0
2013012610	3	0	0
2013012611	5	0	0
2013012612	5	0	0
2013012613	6	0	0
2013012614	5	0	0
2013012615	5	0	0
2013012616	5	0	0
2013012617	4	0	0
2013012618	6	0	0
2013012619	5	0	0
2013012620	5	0	0
2013012621	6	0	0
2013012622	6	0	0
2013012623	6	0	0
2013012700	6	0	0
2013012701	5	0	0
2013012702	6	0	0
2013012703	5	0	0
2013012704	4	0	0
2013012705	5	0	0
2013012706	4	0	0
2013012707	5	0	0
2013012708	4	0	0
2013012709	4	0	0
2013012710	5	0	0
2013012711	6	0	0
2013012712	5	0	0
2013012713	5	0	0
2013012714	6	0	0
2013012715	5	0	0
2013012716	5	0	0
2013012717	6	0	0
2013012718	5	0	0
2013012719	5	0	0
2013012720	5	0	0
2013012721	6	0	0
2013012722	5	0	0
2013012723	4	0	0
2013012800	4	0	0
2013012801	5	0	0
2013012802	6	0	0
2013012803	6	0	0
2013012804	6	0	0
2013012805	5	0	0
2013012806	4	0	0
2013012807	6	0	0
2013012808	4	0	0
2013012809	4	0	0
2013012810	4	0	0
2013012811	4	0	0
2013012812	5	0	0
2013012813	5	0	0
2013012814	4	0	0
2013012815	3	0	0
2013012816	3	0	0
2013012817	4	0	0
2013012818	2	0	0
2013012819	3	0	0
2013012820	3	0	0
2013012821	3	0	0
2013012822	3	0	0
2013012823	3	0	0
2013012900	3	0	0
2013012901	3	0	0
2013012902	3	0	0
2013012903	3	0	0
2013012904	4	0	0
2013012905	4	0	0
2013012906	3	0	0
2013012907	3	0	0
2013012908	5	0	0
2013012909	4	0	0
2013012910	4	0	0
2013012911	5	0	0
2013012912	5	0	0
2013012913	7	0	0
2013012914	6	0	0
2013012915	5	0	0
2013012916	6	0	0
2013012917	5	0	0
2013012918	5	0	0
2013012919	4	0	0
2013012920	3	0	0
2013012921	4	0	0
2013012922	4	0	0
2013012923	4	0	0
2013013000	3	0	0
2013013001	2	0	0
2013013002	3	0	0
2013013003	3	0	0
2013013004	4	0	0
2013013005	6	0	0
2013013006	6	0	0
2013013007	6	0	0
2013013008	8	0	0
2013013009	8	0	0
2013013010	9	0	0
2013013011	8	0	0
2013013012	8	0	0
2013013013	7	0	0
2013013014	7	0	0
2013013015	7	0	0
2013013016	5	0	0
2013013017	6	0	0
2013013018	3	0	0
2013013019	3	0	0
2013013020	4	0	0
2013013021	4	0	0
2013013022	4	0	0
2013013023	5	0	0
2013013100	3	0	0
2013013101	6	0	0
2013013102	5	0	0
2013013103	5	0	0
2013013104	6	0	0
2013013105	7	12	12
2013013106	6	0	12
2013013107	5	0	0
2013013108	7	12	12
2013013109	7	0	12
2013013110	8	13	13
2013013111	8	0	13
2013013112	9	0	15
2013013113	9	0	15
2013013114	9	14	14
2013013115	10	16	16
2013013116	9	15	17
2013013117	8	13	15
2013013118	7	0	17
2013013119	7	0	0
2013013120	8	0	12
2013013121	6	0	12
2013013122	5	0	0
2013013123	6	0	12
2013020100	6	0	12
2013020101	5	0	0
2013020102	3	0	0
2013020103	2	0	0
2013020104	3	0	0
2013020105	3	0	0
2013020106	3	0	0
2013020107	3	0	0
2013020108	3	0	0
2013020109	4	0	0
2013020110	3	0	0
2013020111	4	0	0
2013020112	2	0	0
2013020113	3	0	0
2013020114	3	0	0
2013020115	2	0	0
2013020116	2	0	0
2013020117	2	0	0
2013020118	3	0	0
2013020119	3	0	0
2013020120	4	0	0
2013020121	4	0	0
2013020122	4	0	0
2013020123	3	0	0
2013020200	3	0	0
2013020201	3	0	0
2013020202	3	0	0
2013020203	3	0	0
2013020204	2	0	0
2013020205	3	0	0
2013020206	4	0	0
2013020207	5	0	0
2013020208	5	0	0
2013020209	3	0	0
2013020210	5	0	0
2013020211	3	0	0
2013020212	3	0	0
2013020213	3	0	0
2013020214	3	0	0
2013020215	3	0	0
2013020216	3	0	0
2013020217	3	0	0
2013020218	3	0	0
2013020219	3	0	0
2013020220	3	0	0
2013020221	3	0	0
2013020222	4	0	0
2013020223	4	0	0
2013020300	5	0	0
2013020301	4	0	0
2013020302	4	0	9
2013020303	4	0	9
2013020304	4	0	0
2013020305	4	0	0
2013020306	4	0	9
2013020307	2	0	0
2013020308	3	0	0
2013020309	3	0	0
2013020310	4	0	0
2013020311	4	0	0
2013020312	4	0	0
2013020313	3	0	0
2013020314	3	0	0
2013020315	5	0	0
2013020316	5	0	0
2013020317	4	0	0
2013020318	5	0	0
2013020319	4	0	0
2013020320	4	0	0
2013020321	3	0	0
2013020322	4	0	0
2013020323	4	0	0
2013020400	3	0	0
2013020401	3	0	0
2013020402	2	0	0
2013020403	3	0	0
2013020404	4	0	0
2013020405	4	0	0
2013020406	3	0	0
2013020407	5	0	0
2013020408	6	0	0
2013020409	6	0	0
2013020410	7	0	0
2013020411	7	0	0
2013020412	6	0	0
2013020413	6	0	0
2013020414	7	0	0
2013020415	7	0	0
2013020416	7	0	0
2013020417	8	0	0
2013020418	7	0	0
2013020419	6	0	0
2013020420	7	0	0
2013020421	6	0	0
2013020422	6	0	0
2013020423	6	0	0
2013020500	6	0	0
2013020501	6	0	0
2013020502	6	0	0
2013020503	5	0	13
2013020504	6	0	0
2013020505	7	0	0
2013020506	7	0	13
2013020507	5	0	0
2013020508	5	0	11
2013020509	6	0	11
2013020510	5	0	0
2013020511	6	0	0
2013020512	6	0	11
2013020513	6	0	0
2013020514	6	0	0
2013020515	6	0	0
2013020516	5	0	0
2013020517	6	0	0
2013020518	7	0	0
2013020519	6	0	0
2013020520	8	0	0
2013020521	9	0	0
2013020522	9	0	15
2013020523	8	0	13
2013020600	6	0	15
2013020601	6	0	0
2013020602	7	12	12
2013020603	5	0	12
2013020604	6	0	0
2013020605	4	0	0
2013020606	4	0	12
2013020607	5	0	0
2013020608	4	0	0
2013020609	4	0	0
2013020610	4	0	0
2013020611	4	0	0
2013020612	5	0	0
2013020613	5	0	0
2013020614	5	0	0
2013020615	4	0	0
2013020616	3	0	0
2013020617	3	0	0
2013020618	2	0	0
2013020619	3	0	0
2013020620	2	0	0
2013020621	2	0	0
2013020622	1	0	0
2013020623	2	0	0
2013020700	3	0	0
2013020701	2	0	0
2013020702	4	0	0
2013020703	3	0	0
2013020704	3	0	0
2013020705	3	0	0
2013020706	3	0	0
2013020707	2	0	0
2013020708	2	0	0
2013020709	4	0	0
2013020710	3	0	0
2013020711	2	0	0
2013020712	1	0	0
2013020713	1	0	0
2013020714	1	0	0
2013020715	2	0	0
2013020716	2	0	0
2013020717	1	0	0
2013020718	2	0	0
2013020719	3	0	0
2013020720	3	0	0
2013020721	3	0	0
2013020722	3	0	0
2013020723	3	0	0
2013020800	3	0	0
2013020801	3	0	0
2013020802	4	0	0
2013020803	3	0	0
2013020804	3	0	0
2013020805	3	0	0
2013020806	3	0	0
2013020807	2	0	0
2013020808	3	0	0
2013020809	5	0	0
2013020810	5	0	0
2013020811	4	0	0
2013020812	5	0	0
2013020813	5	0	0
2013020814	5	0	0
2013020815	3	0	0
2013020816	2	0	0
2013020817	1	0	0
2013020818	1	0	0
2013020819	2	0	0
2013020820	2	0	0
2013020821	1	0	0
2013020822	1	0	0
2013020823	1	0	0
2013020900	2	0	0
2013020901	3	0	0
2013020902	2	0	0
2013020903	3	0	0
2013020904	3	0	0
2013020905	2	0	0
2013020906	2	0	0
2013020907	2	0	0
2013020908	2	0	0
2013020909	1	0	0
2013020910	3	0	0
2013020911	2	0	0
2013020912	2	0	0
2013020913	2	0	0
2013020914	2	0	0
2013020915	1	0	0
2013020916	2	0	0
2013020917	2	0	0
2013020918	1	0	0
2013020919	1	0	0
2013020920	1	0	0
2013020921	1	0	0
2013020922	2	0	0
2013020923	2	0	0
2013021000	2	0	0
2013021001	2	0	0
2013021002	2	0	0
2013021003	2	0	0
2013021004	1	0	0
2013021005	2	0	0
2013021006	2	0	0
2013021007	2	0	0
2013021008	3	0	0
2013021009	3	0	0
2013021010	3	0	0
2013021011	4	0	0
2013021012	3	0	0
2013021013	4	0	0
2013021014	3	0	0
2013021015	3	0	0
2013021016	3	0	0
2013021017	2	0	0
2013021018	2	0	0
2013021019	1	0	0
2013021020	1	0	0
2013021021	1	0	0
2013021022	0	0	0
2013021023	1	0	0
2013021100	1	0	0
2013021101	1	0	0
2013021102	2	0	0
2013021103	2	0	0
2013021104	2	0	0
2013021105	3	0	0
2013021106	3	0	0
2013021107	3	0	0
2013021108	3	0	0
2013021109	3	0	0
2013021110	4	0	0
2013021111	5	0	0
2013021112	4	0	0
2013021113	5	0	0
2013021114	4	0	0
2013021115	3	0	0
2013021116	3	0	0
2013021117	4	0	0
2013021118	4	0	0
2013021119	4	0	0
2013021120	4	0	0
2013021121	3	0	0
2013021122	3	0	0
2013021123	2	0	0
2013021200	2	0	0
2013021201	2	0	0
2013021202	2	0	0
2013021203	3	0	0
2013021204	3	0	0
2013021205	2	0	0
2013021206	2	0	0
2013021207	2	0	0
2013021208	3	0	0
2013021209	3	0	0
2013021210	3	0	0
2013021211	5	0	0
2013021212	6	0	0
2013021213	5	0	0
2013021214	5	0	0
2013021215	3	0	0
2013021216	3	0	0
2013021217	3	0	0
2013021218	3	0	0
2013021219	2	0	0
2013021220	3	0	0
2013021221	3	0	0
2013021222	5	0	0
2013021223	5	0	0
2013021300	6	0	0
2013021301	4	0	0
2013021302	5	0	0
2013021303	5	0	0
2013021304	5	0	0
2013021305	6	0	0
2013021306	6	0	0
2013021307	6	0	0
2013021308	5	0	0
2013021309	5	0	0
2013021310	5	0	0
2013021311	4	0	0
2013021312	5	0	0
2013021313	6	0	0
2013021314	5	0	0
2013021315	4	0	0
2013021316	3	0	0
2013021317	4	0	0
2013021318	4	0	0
2013021319	4	0	0
2013021320	3	0	0
2013021321	2	0	0
2013021322	2	0	0
2013021323	2	0	0
2013021400	4	0	0
2013021401	3	0	0
2013021402	3	0	0
2013021403	4	0	0
2013021404	4	0	0
2013021405	1	0	0
2013021406	2	0	0
2013021407	3	0	0
2013021408	3	0	0
2013021409	2	0	0
2013021410	3	0	0
2013021411	5	0	0
2013021412	3	0	0
2013021413	4	0	0
2013021414	5	0	0
2013021415	3	0	0
2013021416	3	0	0
2013021417	3	0	0
2013021418	3	0	0
2013021419	2	0	0
2013021420	2	0	0
2013021421	2	0	0
2013021422	3	0	0
2013021423	3	0	0
2013021500	2	0	0
2013021501	3	0	0
2013021502	3	0	0
2013021503	3	0	0
2013021504	2	0	0
2013021505	3	0	0
2013021506	3	0	0
2013021507	3	0	0
2013021508	3	0	0
2013021509	3	0	0
2013021510	4	0	0
2013021511	3	0	0
2013021512	3	0	0
2013021513	3	0	0
2013021514	3	0	0
2013021515	3	0	0
2013021516	2	0	0
2013021517	1	0	0
2013021518	2	0	0
2013021519	2	0	0
2013021520	2	0	0
2013021521	2	0	0
2013021522	2	0	0
2013021523	2	0	0
2013021600	2	0	0
2013021601	2	0	0
2013021602	3	0	0
2013021603	2	0	0
2013021604	2	0	0
2013021605	2	0	0
2013021606	2	0	0
2013021607	2	0	0
2013021608	2	0	0
2013021609	2	0	0
2013021610	2	0	0
2013021611	2	0	0
2013021612	1	0	0
2013021613	2	0	0
2013021614	0	0	0
2013021615	2	0	0
2013021616	1	0	0
2013021617	1	0	0
2013021618	1	0	0
2013021619	1	0	0
2013021620	2	0	0
2013021621	2	0	0
2013021622	3	0	0
2013021623	2	0	0
2013021700	2	0	0
2013021701	2	0	0
2013021702	2	0	0
2013021703	1	0	0
2013021704	2	0	0
2013021705	0	0	0
2013021706	2	0	0
2013021707	2	0	0
2013021708	2	0	0
2013021709	1	0	0
2013021710	0	0	0
2013021711	1	0	0
2013021712	1	0	0
2013021713	1	0	0
2013021714	2	0	0
2013021715	2	0	0
2013021716	1	0	0
2013021717	1	0	0
2013021718	1	0	0
2013021719	0	0	0
2013021720	0	0	0
2013021721	1	0	0
2013021722	1	0	0
2013021723	0	0	0
2013021800	0	0	0
2013021801	1	0	0
2013021802	2	0	0
2013021803	1	0	0
2013021804	2	0	0
2013021805	2	0	0
2013021806	3	0	0
2013021807	3	0	0
2013021808	4	0	0
2013021809	3	0	0
2013021810	5	0	0
2013021811	5	0	0
2013021812	6	0	0
2013021813	5	0	0
2013021814	5	0	0
2013021815	5	0	0
2013021816	5	0	0
2013021817	5	0	0
2013021818	5	0	0
2013021819	5	0	0
2013021820	5	0	0
2013021821	5	0	0
2013021822	5	0	0
2013021823	5	0	0
2013021900	4	0	0
2013021901	5	0	0
2013021902	5	0	0
2013021903	5	0	0
2013021904	4	0	0
2013021905	4	0	0
2013021906	3	0	0
2013021907	2	0	0
2013021908	3	0	0
2013021909	2	0	0
2013021910	2	0	0
2013021911	2	0	0
2013021912	1	0	0
2013021913	2	0	0
2013021914	3	0	0
2013021915	2	0	0
2013021916	2	0	0
2013021917	3	0	0
2013021918	3	0	0
2013021919	3	0	0
2013021920	3	0	0
2013021921	3	0	0
2013021922	4	0	0
2013021923	4	0	0
2013022000	4	0	0
2013022001	4	0	0
2013022002	5	0	0
2013022003	5	10	10
2013022004	5	0	10
2013022005	6	0	12
2013022006	4	0	12
2013022007	5	0	0
2013022008	6	12	12
2013022009	4	0	12
2013022010	5	0	0
2013022011	4	0	0
2013022012	4	0	12
2013022013	5	0	0
2013022014	4	0	0
2013022015	5	0	0
2013022016	5	0	10
2013022017	5	0	0
2013022018	4	0	10
2013022019	4	0	0
2013022020	4	0	0
2013022021	4	0	0
2013022022	3	0	0
2013022023	2	0	0
2013022100	3	0	0
2013022101	4	0	0
2013022102	3	0	0
2013022103	3	0	0
2013022104	3	0	0
2013022105	3	0	0
2013022106	3	0	0
2013022107	3	0	0
2013022108	2	0	0
2013022109	3	0	0
2013022110	2	0	0
2013022111	2	0	0
2013022112	2	0	0
2013022113	3	0	0
2013022114	2	0	0
2013022115	2	0	0
2013022116	2	0	0
2013022117	2	0	0
2013022118	2	0	0
2013022119	2	0	0
2013022120	2	0	0
2013022121	1	0	0
2013022122	2	0	0
2013022123	1	0	0
2013022200	1	0	0
2013022201	0	0	0
2013022202	0	0	0
2013022203	1	0	0
2013022204	1	0	0
2013022205	0	0	0
2013022206	0	0	0
2013022207	0	0	0
2013022208	0	0	0
2013022209	0	0	0
2013022210	1	0	0
2013022211	0	0	0
2013022212	0	0	0
2013022213	2	0	0
2013022214	3	0	0
2013022215	3	0	0
2013022216	3	0	0
2013022217	3	0	0
2013022218	3	0	0
2013022219	3	0	0
2013022220	2	0	0
2013022221	3	0	0
2013022222	3	0	0
2013022223	3	0	0
2013022300	3	0	0
2013022301	3	0	0
2013022302	4	0	0
2013022303	4	0	0
2013022304	3	0	0
2013022305	3	0	0
2013022306	3	0	0
2013022307	5	0	0
2013022308	5	0	0
2013022309	6	0	11
2013022310	5	0	0
2013022311	5	0	0
2013022312	6	0	11
2013022313	6	0	0
2013022314	5	0	0
2013022315	6	0	0
2013022316	6	0	0
2013022317	5	0	11
2013022318	5	0	11
2013022319	6	0	0
2013022320	6	12	12
2013022321	7	0	12
2013022322	5	10	10
2013022323	6	0	0
2013022400	6	0	12
2013022401	5	0	0
2013022402	6	0	0
2013022403	5	0	0
2013022404	6	0	0
2013022405	6	0	0
2013022406	6	0	0
2013022407	6	0	0
2013022408	7	0	11
2013022409	7	12	12
2013022410	8	13	13
2013022411	8	0	0
2013022412	6	0	13
2013022413	6	0	0
2013022414	7	0	0
2013022415	6	0	0
2013022416	5	0	0
2013022417	6	0	0
2013022418	5	0	0
2013022419	5	0	0
2013022420	5	0	0
2013022421	5	0	0
2013022422	4	0	0
2013022423	4	0	0
2013022500	4	0	0
2013022501	4	0	0
2013022502	4	0	0
2013022503	4	0	0
2013022504	5	0	0
2013022505	4	0	0
2013022506	4	0	0
2013022507	5	0	0
2013022508	5	0	0
2013022509	6	0	0
2013022510	5	0	0
2013022511	5	0	0
2013022512	4	0	0
2013022513	4	0	0
2013022514	4	0	0
2013022515	4	0	0
2013022516	4	0	0
2013022517	5	0	0
2013022518	4	0	0
2013022519	4	0	0
2013022520	3	0	0
2013022521	3	0	0
2013022522	2	0	0
2013022523	3	0	0
2013022600	2	0	0
2013022601	3	0	0
2013022602	2	0	0
2013022603	3	0	0
2013022604	2	0	0
2013022605	3	0	0
2013022606	2	0	0
2013022607	2	0	0
2013022608	3	0	0
2013022609	3	0	0
2013022610	2	0	0
2013022611	3	0	0
2013022612	2	0	0
2013022613	2	0	0
2013022614	2	0	0
2013022615	1	0	0
2013022616	1	0	0
2013022617	1	0	0
2013022618	1	0	0
2013022619	1	0	0
2013022620	0	0	0
2013022621	0	0	0
2013022622	1	0	0
2013022623	1	0	0
2013022700	1	0	0
2013022701	1	0	0
2013022702	2	0	0
2013022703	1	0	0
2013022704	2	0	0
2013022705	2	0	0
2013022706	1	0	0
2013022707	2	0	0
2013022708	2	0	0
2013022709	3	0	0
2013022710	2	0	0
2013022711	2	0	0
2013022712	1	0	0
2013022713	2	0	0
2013022714	2	0	0
2013022715	3	0	0
2013022716	3	0	0
2013022717	2	0	0
2013022718	2	0	0
2013022719	2	0	0
2013022720	2	0	0
2013022721	2	0	0
2013022722	2	0	0
2013022723	2	0	0
2013022800	2	0	0
2013022801	3	0	0
2013022802	3	0	0
2013022803	2	0	0
2013022804	2	0	0
2013022805	3	0	0
2013022806	4	0	0
2013022807	4	0	0
2013022808	4	0	0
2013022809	3	0	0
2013022810	3	0	0
2013022811	4	0	0
2013022812	6	0	0
2013022813	6	0	0
2013022814	6	0	10
2013022815	6	0	10
2013022816	5	0	0
2013022817	5	0	0
2013022818	6	0	10
2013022819	5	0	0
2013022820	7	0	0
2013022821	8	13	13
2013022822	6	0	11
2013022823	7	0	14
2013030100	6	0	14
2013030101	6	0	11
2013030102	6	0	0
2013030103	6	0	11
2013030104	5	0	0
2013030105	5	0	0
2013030106	4	0	11
2013030107	4	0	0
2013030108	6	0	0
2013030109	7	0	11
2013030110	6	0	0
2013030111	7	12	12
2013030112	8	0	12
2013030113	7	0	12
2013030114	5	10	10
2013030115	6	0	12
2013030116	6	0	0
2013030117	6	0	0
2013030118	5	0	12
2013030119	5	0	0
2013030120	5	0	0
2013030121	4	0	0
2013030122	4	0	0
2013030123	4	0	0
2013030200	5	0	10
2013030201	5	0	0
2013030202	5	0	12
2013030203	6	11	12
2013030204	6	0	11
2013030205	6	11	11
2013030206	5	0	12
2013030207	4	0	10
2013030208	7	12	12
2013030209	6	0	12
2013030210	5	0	0
2013030211	5	0	9
2013030212	4	0	12
2013030213	4	0	0
2013030214	3	0	0
2013030215	3	0	0
2013030216	4	0	0
2013030217	6	0	0
2013030218	5	0	0
2013030219	7	12	12
2013030220	9	0	12
2013030221	9	14	16
2013030222	9	14	16
2013030223	8	0	16
2013030300	9	0	16
2013030301	9	0	15
2013030302	8	0	13
2013030303	7	0	15
2013030304	7	12	12
2013030305	8	0	0
2013030306	7	12	15
2013030307	10	0	14
2013030308	8	13	14
2013030309	8	0	15
2013030310	8	13	15
2013030311	8	15	16
2013030312	6	11	16
2013030313	7	13	13
2013030314	7	12	14
2013030315	7	0	14
2013030316	7	0	11
2013030317	6	11	13
2013030318	4	0	14
2013030319	3	0	9
2013030320	5	0	0
2013030321	4	0	9
2013030322	3	0	0
2013030323	4	0	0
2013030400	4	0	9
2013030401	5	0	0
2013030402	5	0	0
2013030403	4	0	0
2013030404	3	0	0
2013030405	3	0	0
2013030406	3	0	0
2013030407	3	0	0
2013030408	3	0	0
2013030409	3	0	0
2013030410	2	0	0
2013030411	3	0	0
2013030412	3	0	0
2013030413	2	0	0
2013030414	3	0	0
2013030415	2	0	0
2013030416	3	0	0
2013030417	2	0	0
2013030418	3	0	0
2013030419	4	0	0
2013030420	3	0	0
2013030421	4	0	0
2013030422	3	0	0
2013030423	4	0	0
2013030500	4	0	0
2013030501	5	0	0
2013030502	4	0	0
2013030503	4	0	0
2013030504	4	0	0
2013030505	5	0	0
2013030506	5	0	0
2013030507	4	0	0
2013030508	4	0	0
2013030509	4	0	0
2013030510	4	0	0
2013030511	4	0	0
2013030512	4	0	0
2013030513	3	0	0
2013030514	4	0	0
2013030515	4	0	0
2013030516	5	0	0
2013030517	4	0	0
2013030518	4	0	0
2013030519	4	0	0
2013030520	2	0	0
2013030521	4	0	0
2013030522	5	0	0
2013030523	4	0	0
2013030600	4	0	0
2013030601	2	0	0
2013030602	3	0	0
2013030603	3	0	0
2013030604	2	0	0
2013030605	3	0	0
2013030606	6	0	0
2013030607	3	0	0
2013030608	3	0	0
2013030609	4	0	0
2013030610	4	0	0
2013030611	4	0	0
2013030612	4	0	0
2013030613	3	0	0
2013030614	3	0	0
2013030615	1	0	0
2013030616	1	0	0
2013030617	1	0	0
2013030618	3	0	0
2013030619	3	0	0
2013030620	1	0	0
2013030621	2	0	0
2013030622	0	0	0
2013030623	1	0	0
2013030700	1	0	0
2013030701	1	0	0
2013030702	2	0	0
2013030703	3	0	0
2013030704	3	0	0
2013030705	3	0	0
2013030706	2	0	0
2013030707	4	0	0
2013030708	5	0	0
2013030709	5	0	0
2013030710	4	0	0
2013030711	4	0	0
2013030712	3	0	0
2013030713	4	0	0
2013030714	5	0	0
2013030715	5	11	11
2013030716	4	0	10
2013030717	5	0	0
2013030718	5	0	11
2013030719	4	0	0
2013030720	4	0	0
2013030721	3	0	0
2013030722	3	0	0
2013030723	4	0	0
2013030800	4	0	0
2013030801	5	0	0
2013030802	4	0	0
2013030803	4	0	9
2013030804	4	0	0
2013030805	4	0	0
2013030806	4	0	9
2013030807	5	0	0
2013030808	5	0	0
2013030809	6	0	10
2013030810	6	0	0
2013030811	5	0	0
2013030812	5	0	10
2013030813	5	0	0
2013030814	6	0	0
2013030815	5	10	10
2013030816	4	0	0
2013030817	4	0	0
2013030818	4	0	10
2013030819	4	0	0
2013030820	4	0	0
2013030821	4	0	0
2013030822	4	0	0
2013030823	4	0	0
2013030900	4	0	0
2013030901	4	0	0
2013030902	3	0	0
2013030903	3	0	0
2013030904	2	0	0
2013030905	2	0	0
2013030906	3	0	0
2013030907	4	0	0
2013030908	4	0	0
2013030909	4	0	0
2013030910	6	0	0
2013030911	6	0	0
2013030912	5	0	0
2013030913	5	0	0
2013030914	4	0	0
2013030915	5	0	0
2013030916	4	0	0
2013030917	4	0	0
2013030918	3	0	0
2013030919	3	0	0
2013030920	4	0	0
2013030921	3	0	0
2013030922	4	0	0
2013030923	3	0	0
2013031000	3	0	0
2013031001	4	0	0
2013031002	5	0	0
2013031003	4	0	0
2013031004	5	0	0
2013031005	5	0	10
2013031006	5	0	10
2013031007	5	0	0
2013031008	5	0	10
2013031009	5	0	10
2013031010	5	10	10
2013031011	6	0	0
2013031012	7	0	10
2013031013	7	0	12
2013031014	6	13	13
2013031015	5	0	13
2013031016	6	0	12
2013031017	5	0	10
2013031018	5	0	13
2013031019	4	0	0
2013031020	5	0	10
2013031021	4	9	10
2013031022	4	0	9
2013031023	5	0	0
2013031100	4	0	10
2013031101	4	0	0
2013031102	5	0	0
2013031103	5	0	9
2013031104	5	0	0
2013031105	5	0	0
2013031106	4	0	9
2013031107	4	0	0
2013031108	5	0	0
2013031109	4	0	0
2013031110	4	0	0
2013031111	4	0	0
2013031112	5	0	0
2013031113	5	0	0
2013031114	5	0	0
2013031115	4	0	0
2013031116	3	0	0
2013031117	3	0	0
2013031118	3	0	0
2013031119	3	0	0
2013031120	3	0	0
2013031121	3	0	0
2013031122	3	0	0
2013031123	3	0	0
2013031200	3	0	0
2013031201	3	0	0
2013031202	3	0	0
2013031203	3	0	0
2013031204	2	0	0
2013031205	2	0	0
2013031206	2	0	0
2013031207	2	0	0
2013031208	3	0	0
2013031209	2	0	0
2013031210	3	0	0
2013031211	3	0	0
2013031212	4	0	0
2013031213	3	0	0
2013031214	2	0	0
2013031215	3	0	0
2013031216	2	0	0
2013031217	1	0	0
2013031218	0	0	0
2013031219	0	0	0
2013031220	1	0	0
2013031221	0	0	0
2013031222	2	0	0
2013031223	2	0	0
2013031300	1	0	0
2013031301	1	0	0
2013031302	0	0	0
2013031303	1	0	0
2013031304	0	0	0
2013031305	0	0	0
2013031306	0	0	0
2013031307	0	0	0
2013031308	1	0	0
2013031309	2	0	0
2013031310	2	0	0
2013031311	3	0	0
2013031312	3	0	0
2013031313	2	0	0
2013031314	3	0	0
2013031315	3	0	0
2013031316	2	0	0
2013031317	2	0	0
2013031318	1	0	0
2013031319	0	0	0
2013031320	1	0	0
2013031321	0	0	0
2013031322	1	0	0
2013031323	1	0	0
2013031400	0	0	0
2013031401	0	0	0
2013031402	0	0	0
2013031403	0	0	0
2013031404	0	0	0
2013031405	0	0	0
2013031406	0	0	0
2013031407	0	0	0
2013031408	1	0	0
2013031409	1	0	0
2013031410	1	0	0
2013031411	2	0	0
2013031412	3	0	0
2013031413	2	0	0
2013031414	3	0	0
2013031415	3	0	0
2013031416	2	0	0
2013031417	1	0	0
2013031418	1	0	0
2013031419	2	0	0
2013031420	1	0	0
2013031421	0	0	0
2013031422	1	0	0
2013031423	1	0	0
2013031500	0	0	0
2013031501	1	0	0
2013031502	0	0	0
2013031503	0	0	0
2013031504	1	0	0
2013031505	2	0	0
2013031506	4	0	0
2013031507	5	10	10
2013031508	6	0	0
2013031509	6	11	11
2013031510	6	11	11
2013031511	5	0	12
2013031512	5	11	12
2013031513	5	10	12
2013031514	5	0	12
2013031515	6	0	12
2013031516	4	0	11
2013031517	6	0	10
2013031518	4	0	12
2013031519	4	0	0
2013031520	4	0	0
2013031521	4	0	0
2013031522	4	0	0
2013031523	4	0	9
2013031600	4	0	9
2013031601	4	0	0
2013031602	5	0	0
2013031603	5	0	0
2013031604	4	0	0
2013031605	4	0	0
2013031606	4	0	0
2013031607	4	0	0
2013031608	4	0	0
2013031609	5	10	10
2013031610	4	0	0
2013031611	5	0	0
2013031612	6	0	10
2013031613	5	0	0
2013031614	5	0	0
2013031615	5	0	0
2013031616	4	0	0
2013031617	4	0	0
2013031618	4	0	0
2013031619	3	0	0
2013031620	2	0	0
2013031621	3	0	0
2013031622	1	0	0
2013031623	1	0	0
2013031700	1	0	0
2013031701	1	0	0
2013031702	1	0	0
2013031703	0	0	0
2013031704	1	0	0
2013031705	1	0	0
2013031706	0	0	0
2013031707	0	0	0
2013031708	0	0	0
2013031709	1	0	0
2013031710	1	0	0
2013031711	2	0	0
2013031712	1	0	0
2013031713	2	0	0
2013031714	3	0	0
2013031715	2	0	0
2013031716	2	0	0
2013031717	2	0	0
2013031718	2	0	0
2013031719	2	0	0
2013031720	3	0	0
2013031721	3	0	0
2013031722	3	0	0
2013031723	3	0	0
2013031800	2	0	0
2013031801	1	0	0
2013031802	3	0	0
2013031803	3	0	0
2013031804	3	0	0
2013031805	4	0	0
2013031806	5	0	0
2013031807	4	0	0
2013031808	4	0	0
2013031809	4	0	0
2013031810	7	0	0
2013031811	5	0	0
2013031812	6	0	0
2013031813	6	0	0
2013031814	7	0	0
2013031815	7	0	11
2013031816	5	0	0
2013031817	7	12	12
2013031818	6	11	12
2013031819	6	0	12
2013031820	6	0	0
2013031821	7	0	12
2013031822	8	0	0
2013031823	7	0	12
2013031900	9	14	14
2013031901	9	0	14
2013031902	9	14	14
2013031903	9	0	14
2013031904	9	0	14
2013031905	8	13	13
2013031906	7	12	14
2013031907	8	0	13
2013031908	9	15	15
2013031909	8	13	15
2013031910	7	0	16
2013031911	7	0	0
2013031912	6	0	16
2013031913	6	11	12
2013031914	7	12	12
2013031915	4	0	12
2013031916	5	0	10
2013031917	4	0	0
2013031918	4	0	12
2013031919	5	10	10
2013031920	5	0	0
2013031921	4	0	10
2013031922	3	0	0
2013031923	4	0	0
2013032000	3	0	10
2013032001	2	0	0
2013032002	2	0	0
2013032003	2	0	0
2013032004	2	0	0
2013032005	2	0	0
2013032006	2	0	0
2013032007	2	0	0
2013032008	2	0	0
2013032009	2	0	0
2013032010	1	0	0
2013032011	1	0	0
2013032012	2	0	0
2013032013	1	0	0
2013032014	2	0	0
2013032015	2	0	0
2013032016	2	0	0
2013032017	2	0	0
2013032018	2	0	0
2013032019	1	0	0
2013032020	2	0	0
2013032021	2	0	0
2013032022	2	0	0
2013032023	2	0	0
2013032100	1	0	0
2013032101	0	0	0
2013032102	1	0	0
2013032103	1	0	0
2013032104	1	0	0
2013032105	1	0	0
2013032106	1	10	10
2013032107	2	0	0
2013032108	1	0	0
2013032109	1	0	0
2013032110	3	0	0
2013032111	3	0	0
2013032112	3	0	0
2013032113	3	0	0
2013032114	3	0	0
2013032115	3	0	0
2013032116	3	0	0
2013032117	3	0	0
2013032118	2	0	0
2013032119	3	0	0
2013032120	4	0	0
2013032121	4	0	0
2013032122	4	0	0
2013032123	4	0	0
2013032200	3	0	0
2013032201	2	0	0
2013032202	3	0	0
2013032203	3	0	0
2013032204	4	0	0
2013032205	3	0	0
2013032206	4	0	0
2013032207	4	0	0
2013032208	5	0	0
2013032209	5	11	11
2013032210	6	0	10
2013032211	6	0	11
2013032212	5	0	12
2013032213	6	11	12
2013032214	6	0	11
2013032215	5	10	12
2013032216	5	0	10
2013032217	4	0	10
2013032218	4	0	12
2013032219	4	0	0
2013032220	4	0	0
2013032221	4	0	0
2013032222	4	0	0
2013032223	4	0	0
2013032300	4	0	0
2013032301	3	0	0
2013032302	3	0	0
2013032303	3	0	0
2013032304	2	0	0
2013032305	3	0	0
2013032306	2	0	0
2013032307	3	0	0
2013032308	3	0	0
2013032309	3	0	0
2013032310	4	0	0
2013032311	3	0	0
2013032312	4	0	0
2013032313	4	0	0
2013032314	4	0	0
2013032315	4	0	0
2013032316	3	0	0
2013032317	3	0	0
2013032318	3	0	0
2013032319	2	0	0
2013032320	3	0	0
2013032321	2	0	0
2013032322	1	0	0
2013032323	1	0	0
2013032400	1	0	0
2013032401	1	0	0
2013032402	2	0	0
2013032403	1	0	0
2013032404	1	0	0
2013032405	1	0	0
2013032406	2	0	0
2013032407	2	0	0
2013032408	3	0	0
2013032409	3	0	0
2013032410	4	0	0
2013032411	4	0	0
2013032412	3	0	0
2013032413	3	8	8
2013032414	4	0	0
2013032415	3	0	8
2013032416	3	0	0
2013032417	2	0	0
2013032418	2	0	8
2013032419	2	0	0
2013032420	0	0	0
2013032421	0	0	0
2013032422	0	0	0
2013032423	1	0	0
2013032500	0	0	0
2013032501	0	0	0
2013032502	0	0	0
2013032503	0	0	0
2013032504	0	0	0
2013032505	0	0	0
2013032506	1	0	0
2013032507	1	0	0
2013032508	2	0	0
2013032509	2	0	0
2013032510	3	0	0
2013032511	3	0	0
2013032512	3	0	0
2013032513	3	0	0
2013032514	3	0	0
2013032515	3	0	0
2013032516	2	0	0
2013032517	3	0	0
2013032518	2	0	0
2013032519	3	0	0
2013032520	3	0	0
2013032521	4	0	0
2013032522	2	0	0
2013032523	2	0	0
2013032600	1	0	0
2013032601	0	0	0
2013032602	1	0	0
2013032603	1	0	0
2013032604	1	0	0
2013032605	0	0	0
2013032606	1	0	0
2013032607	1	0	0
2013032608	3	0	0
2013032609	2	0	0
2013032610	4	0	0
2013032611	3	0	0
2013032612	4	0	0
2013032613	4	0	0
2013032614	4	0	0
2013032615	4	0	0
2013032616	3	0	0
2013032617	3	0	0
2013032618	3	0	0
2013032619	2	0	0
2013032620	3	0	0
2013032621	3	0	0
2013032622	2	0	0
2013032623	2	0	0
2013032700	2	0	0
2013032701	0	0	0
2013032702	0	0	0
2013032703	1	0	0
2013032704	0	0	0
2013032705	0	0	0
2013032706	1	0	0
2013032707	0	0	0
2013032708	1	0	0
2013032709	2	0	0
2013032710	4	0	0
2013032711	5	0	0
2013032712	5	0	0
2013032713	4	0	0
2013032714	5	0	0
2013032715	4	0	0
2013032716	3	0	0
2013032717	3	0	0
2013032718	2	0	0
2013032719	2	0	0
2013032720	3	0	0
2013032721	2	0	0
2013032722	2	0	0
2013032723	3	0	0
2013032800	3	0	0
2013032801	3	0	0
2013032802	3	0	0
2013032803	3	0	0
2013032804	3	0	0
2013032805	3	0	0
2013032806	5	0	0
2013032807	4	0	0
2013032808	4	0	0
2013032809	4	0	0
2013032810	5	0	0
2013032811	7	0	0
2013032812	6	0	0
2013032813	6	0	0
2013032814	5	0	0
2013032815	5	0	0
2013032816	5	0	0
2013032817	5	0	0
2013032818	5	0	0
2013032819	5	0	0
2013032820	5	0	0
2013032821	5	0	0
2013032822	5	0	0
2013032823	6	0	0
2013032900	5	0	0
2013032901	5	0	0
2013032902	6	0	0
2013032903	5	0	0
2013032904	6	0	0
2013032905	8	0	0
2013032906	6	11	12
2013032907	8	0	0
2013032908	8	13	13
2013032909	8	0	14
2013032910	9	0	13
2013032911	8	0	14
2013032912	9	0	14
2013032913	9	14	14
2013032914	10	0	15
2013032915	8	0	15
2013032916	7	0	13
2013032917	7	0	0
2013032918	8	0	15
2013032919	8	0	0
2013032920	6	0	12
2013032921	6	0	12
2013032922	6	0	0
2013032923	5	0	0
2013033000	5	0	12
2013033001	3	0	0
2013033002	3	0	0
2013033003	3	0	0
2013033004	3	0	0
2013033005	3	0	0
2013033006	3	0	0
2013033007	4	0	0
2013033008	4	0	0
2013033009	4	0	0
2013033010	4	0	0
2013033011	5	0	0
2013033012	5	0	0
2013033013	5	0	0
2013033014	4	0	0
2013033015	3	0	0
2013033016	4	0	0
2013033017	3	0	0
2013033018	3	0	0
2013033019	2	0	0
2013033020	2	0	0
2013033021	2	0	0
2013033022	2	0	0
2013033023	2	0	0
2013033100	1	0	0
2013033101	0	0	0
2013033102	1	0	0
2013033103	1	0	0
2013033104	1	0	0
2013033105	1	0	0
2013033106	0	0	0
2013033107	1	0	0
2013033108	1	0	0
2013033109	1	0	0
2013033110	2	0	0
2013033111	2	0	0
2013033112	2	0	0
2013033113	3	0	0
2013033114	3	0	0
2013033115	4	0	0
2013033116	3	0	0
2013033117	3	0	0
2013033118	3	0	0
2013033119	4	0	0
2013033120	3	0	0
2013033121	4	0	0
2013033122	4	0	0
2013033123	5	0	0
