2013010100	4	0	9
2013010101	5	0	0
2013010102	5	0	9
2013010103	5	0	11
2013010104	6	0	10
2013010105	4	0	10
2013010106	4	0	11
2013010107	5	0	0
2013010108	6	0	10
2013010109	6	11	11
2013010110	6	11	12
2013010111	6	0	11
2013010112	4	0	12
2013010113	5	0	10
2013010114	4	0	10
2013010115	4	9	10
2013010116	5	0	0
2013010117	5	0	10
2013010118	4	0	10
2013010119	4	0	0
2013010120	4	0	0
2013010121	4	0	9
2013010122	3	0	0
2013010123	4	0	0
2013010200	4	0	9
2013010201	3	0	0
2013010202	3	0	0
2013010203	4	0	0
2013010204	3	0	0
2013010205	3	0	0
2013010206	3	0	0
2013010207	3	0	0
2013010208	4	0	0
2013010209	3	0	0
2013010210	4	0	0
2013010211	5	0	0
2013010212	4	0	0
2013010213	3	0	0
2013010214	3	0	0
2013010215	3	0	0
2013010216	4	0	0
2013010217	4	0	0
2013010218	4	0	11
2013010219	5	0	0
2013010220	5	0	0
2013010221	5	0	0
2013010222	4	0	0
2013010223	6	0	0
2013010300	5	0	0
2013010301	5	0	0
2013010302	4	0	0
2013010303	5	0	0
2013010304	5	0	0
2013010305	5	0	0
2013010306	4	0	10
2013010307	5	0	9
2013010308	5	0	0
2013010309	4	0	10
2013010310	5	0	10
2013010311	5	0	0
2013010312	6	12	12
2013010313	5	0	11
2013010314	6	0	10
2013010315	7	0	11
2013010316	6	0	0
2013010317	7	0	0
2013010318	8	0	11
2013010319	7	0	0
2013010320	8	14	14
2013010321	7	0	15
2013010322	8	14	17
2013010323	6	11	13
2013010400	7	12	17
2013010401	7	12	14
2013010402	7	0	15
2013010403	8	13	15
2013010404	6	11	14
2013010405	7	13	13
2013010406	9	14	16
2013010407	8	14	16
2013010408	8	13	15
2013010409	6	13	16
2013010410	6	11	14
2013010411	6	11	12
2013010412	7	0	16
2013010413	7	0	13
2013010414	5	0	0
2013010415	5	0	13
2013010416	5	0	0
2013010417	4	0	0
2013010418	3	0	13
2013010419	2	0	0
2013010420	2	0	0
2013010421	4	0	0
2013010422	5	0	0
2013010423	5	0	0
2013010500	6	0	11
2013010501	4	0	0
2013010502	4	0	0
2013010503	5	0	0
2013010504	4	0	0
2013010505	5	0	0
2013010506	3	0	0
2013010507	5	0	0
2013010508	5	0	12
2013010509	6	11	12
2013010510	8	0	13
2013010511	7	12	14
2013010512	7	0	14
2013010513	6	11	11
2013010514	4	0	11
2013010515	5	0	11
2013010516	6	0	0
2013010517	3	0	0
2013010518	5	0	11
2013010519	4	0	9
2013010520	4	0	0
2013010521	3	0	9
2013010522	3	0	0
2013010523	3	0	0
2013010600	3	0	9
2013010601	3	0	0
2013010602	3	0	0
2013010603	3	0	0
2013010604	2	0	0
2013010605	2	0	0
2013010606	2	0	0
2013010607	2	0	0
2013010608	3	0	0
2013010609	3	0	0
2013010610	3	0	0
2013010611	3	0	0
2013010612	2	0	0
2013010613	2	0	0
2013010614	1	0	0
2013010615	1	0	0
2013010616	1	0	0
2013010617	1	0	0
2013010618	1	0	0
2013010619	1	0	0
2013010620	1	0	0
2013010621	2	0	0
2013010622	1	0	0
2013010623	1	0	0
2013010700	1	0	0
2013010701	1	0	0
2013010702	1	0	0
2013010703	1	0	0
2013010704	1	0	0
2013010705	1	0	0
2013010706	1	0	0
2013010707	1	0	0
2013010708	1	0	0
2013010709	1	0	0
2013010710	1	0	0
2013010711	1	0	0
2013010712	1	0	0
2013010713	1	0	0
2013010714	2	0	0
2013010715	2	0	0
2013010716	1	0	0
2013010717	1	0	0
2013010718	1	0	0
2013010719	1	0	0
2013010720	1	0	0
2013010721	1	0	0
2013010722	2	0	0
2013010723	2	0	0
2013010800	1	0	0
2013010801	2	0	0
2013010802	2	0	0
2013010803	2	0	0
2013010804	3	0	0
2013010805	2	0	0
2013010806	3	0	0
2013010807	3	0	0
2013010808	3	0	0
2013010809	4	0	0
2013010810	5	0	0
2013010811	5	0	0
2013010812	3	0	0
2013010813	3	0	0
2013010814	4	0	0
2013010815	4	0	0
2013010816	4	0	0
2013010817	4	0	0
2013010818	2	0	0
2013010819	2	0	0
2013010820	2	0	0
2013010821	4	0	0
2013010822	3	0	0
2013010823	2	0	0
2013010900	3	0	0
2013010901	3	0	0
2013010902	2	0	0
2013010903	3	0	0
2013010904	2	0	0
2013010905	1	0	0
2013010906	2	0	0
2013010907	2	0	0
2013010908	1	0	0
2013010909	1	0	0
2013010910	1	0	0
2013010911	1	0	0
2013010912	2	0	0
2013010913	2	0	0
2013010914	2	0	0
2013010915	2	0	0
2013010916	4	0	0
2013010917	3	0	0
2013010918	3	0	0
2013010919	5	0	0
2013010920	4	0	0
2013010921	5	0	0
2013010922	4	0	0
2013010923	4	0	9
2013011000	4	0	9
2013011001	4	0	0
2013011002	4	0	9
2013011003	5	0	9
2013011004	4	0	0
2013011005	5	0	0
2013011006	6	0	11
2013011007	5	0	13
2013011008	6	0	0
2013011009	6	0	13
2013011010	7	0	0
2013011011	6	0	0
2013011012	7	0	13
2013011013	9	0	14
2013011014	9	14	14
2013011015	9	14	14
2013011016	8	0	14
2013011017	4	0	13
2013011018	4	0	14
2013011019	3	0	0
2013011020	3	0	0
2013011021	3	0	0
2013011022	2	0	0
2013011023	4	0	0
2013011100	3	0	0
2013011101	4	0	0
2013011102	4	0	0
2013011103	3	0	0
2013011104	3	0	0
2013011105	3	0	0
2013011106	3	0	0
2013011107	3	0	0
2013011108	3	0	0
2013011109	4	0	0
2013011110	3	0	0
2013011111	4	0	0
2013011112	3	0	0
2013011113	4	0	0
2013011114	4	0	0
2013011115	3	0	0
2013011116	5	0	0
2013011117	5	0	0
2013011118	5	0	0
2013011119	5	0	10
2013011120	5	0	0
2013011121	6	0	10
2013011122	5	0	0
2013011123	5	0	0
2013011200	5	0	10
2013011201	6	0	0
2013011202	5	0	10
2013011203	6	0	12
2013011204	6	0	0
2013011205	6	0	11
2013011206	6	0	12
2013011207	6	0	0
2013011208	6	0	0
2013011209	5	0	0
2013011210	5	0	0
2013011211	6	0	0
2013011212	5	0	0
2013011213	4	0	0
2013011214	2	0	0
2013011215	2	0	0
2013011216	1	0	0
2013011217	2	0	0
2013011218	2	0	0
2013011219	2	0	0
2013011220	2	0	0
2013011221	2	0	0
2013011222	2	0	0
2013011223	2	0	0
2013011300	2	0	0
2013011301	2	0	0
2013011302	2	0	0
2013011303	2	0	0
2013011304	2	0	0
2013011305	2	0	0
2013011306	1	0	0
2013011307	1	0	0
2013011308	1	0	0
2013011309	1	0	0
2013011310	3	0	0
2013011311	2	0	0
2013011312	2	0	0
2013011313	2	0	0
2013011314	2	0	0
2013011315	2	0	0
2013011316	2	0	0
2013011317	2	0	0
2013011318	2	0	0
2013011319	2	0	0
2013011320	2	0	0
2013011321	3	0	0
2013011322	3	0	0
2013011323	3	0	0
2013011400	4	0	0
2013011401	5	0	0
2013011402	4	0	0
2013011403	3	0	0
2013011404	3	0	0
2013011405	3	0	0
2013011406	4	0	0
2013011407	4	0	0
2013011408	5	0	0
2013011409	4	0	0
2013011410	4	0	0
2013011411	5	0	0
2013011412	4	0	0
2013011413	2	0	0
2013011414	2	0	0
2013011415	2	0	0
2013011416	2	0	0
2013011417	3	0	0
2013011418	3	0	0
2013011419	2	0	0
2013011420	1	0	0
2013011421	3	0	0
2013011422	0	0	0
2013011423	2	0	0
2013011500	2	0	0
2013011501	1	0	0
2013011502	2	0	0
2013011503	1	0	0
2013011504	1	0	0
2013011505	1	0	0
2013011506	1	0	0
2013011507	1	0	0
2013011508	1	0	0
2013011509	1	0	0
2013011510	1	0	0
2013011511	1	0	0
2013011512	2	0	0
2013011513	3	0	0
2013011514	2	0	0
2013011515	4	0	0
2013011516	2	0	0
2013011517	3	0	0
2013011518	2	0	0
2013011519	3	0	0
2013011520	2	0	0
2013011521	2	0	0
2013011522	1	0	0
2013011523	2	0	0
2013011600	1	0	0
2013011601	0	0	0
2013011602	2	0	0
2013011603	2	0	0
2013011604	2	0	0
2013011605	2	0	0
2013011606	1	0	0
2013011607	1	0	0
2013011608	2	0	0
2013011609	4	0	0
2013011610	3	0	0
2013011611	3	0	0
2013011612	4	0	0
2013011613	3	0	0
2013011614	3	0	0
2013011615	4	0	0
2013011616	3	0	0
2013011617	3	0	0
2013011618	4	0	0
2013011619	3	0	0
2013011620	3	0	0
2013011621	3	0	0
2013011622	3	0	0
2013011623	3	0	0
2013011700	3	0	0
2013011701	4	0	0
2013011702	3	0	0
2013011703	3	0	0
2013011704	3	0	0
2013011705	4	0	0
2013011706	3	0	0
2013011707	3	0	0
2013011708	4	0	0
2013011709	4	0	0
2013011710	4	0	0
2013011711	4	0	0
2013011712	3	0	0
2013011713	4	0	0
2013011714	3	0	0
2013011715	4	0	0
2013011716	3	0	0
2013011717	3	0	0
2013011718	3	0	0
2013011719	3	0	0
2013011720	3	0	0
2013011721	4	0	0
2013011722	3	0	0
2013011723	2	0	0
2013011800	3	0	0
2013011801	3	0	0
2013011802	3	0	0
2013011803	3	0	0
2013011804	2	0	0
2013011805	3	0	0
2013011806	2	0	0
2013011807	3	0	0
2013011808	3	0	0
2013011809	3	0	0
2013011810	3	0	0
2013011811	2	0	0
2013011812	3	0	0
2013011813	4	0	0
2013011814	3	0	0
2013011815	2	0	0
2013011816	3	0	0
2013011817	3	0	0
2013011818	3	0	0
2013011819	4	0	0
2013011820	4	0	0
2013011821	3	0	0
2013011822	4	0	0
2013011823	3	0	0
2013011900	4	0	0
2013011901	4	0	0
2013011902	4	0	0
2013011903	4	0	0
2013011904	3	0	0
2013011905	3	0	0
2013011906	3	0	0
2013011907	3	0	0
2013011908	3	0	0
2013011909	3	0	0
2013011910	3	0	0
2013011911	2	0	0
2013011912	2	0	0
2013011913	3	0	0
2013011914	2	0	0
2013011915	2	0	0
2013011916	2	0	0
2013011917	1	0	0
2013011918	1	0	0
2013011919	1	0	0
2013011920	1	0	0
2013011921	0	0	0
2013011922	1	0	0
2013011923	1	0	0
2013012000	1	0	0
2013012001	2	0	0
2013012002	1	0	0
2013012003	0	0	0
2013012004	0	0	0
2013012005	0	0	0
2013012006	0	0	0
2013012007	0	0	0
2013012008	1	0	0
2013012009	1	0	0
2013012010	1	0	0
2013012011	1	0	0
2013012012	2	0	0
2013012013	2	0	0
2013012014	3	0	0
2013012015	2	0	0
2013012016	2	0	0
2013012017	1	0	0
2013012018	2	0	0
2013012019	2	0	0
2013012020	2	0	0
2013012021	3	0	0
2013012022	2	0	0
2013012023	3	0	0
2013012100	3	0	0
2013012101	4	0	0
2013012102	3	0	0
2013012103	4	0	0
2013012104	4	0	0
2013012105	3	0	0
2013012106	4	0	0
2013012107	4	0	0
2013012108	4	0	0
2013012109	4	0	0
2013012110	4	0	0
2013012111	3	0	0
2013012112	4	0	0
2013012113	3	0	0
2013012114	4	0	0
2013012115	4	0	0
2013012116	4	0	0
2013012117	3	0	0
2013012118	3	0	0
2013012119	4	0	0
2013012120	3	0	0
2013012121	3	0	0
2013012122	2	0	0
2013012123	2	0	0
2013012200	3	0	0
2013012201	2	0	0
2013012202	2	0	0
2013012203	2	0	0
2013012204	2	0	0
2013012205	2	0	0
2013012206	2	0	0
2013012207	2	0	0
2013012208	2	0	0
2013012209	2	0	0
2013012210	2	0	0
2013012211	2	0	0
2013012212	2	0	0
2013012213	2	0	0
2013012214	1	0	0
2013012215	2	0	0
2013012216	2	0	0
2013012217	2	0	0
2013012218	2	0	0
2013012219	2	0	0
2013012220	2	0	0
2013012221	2	0	0
2013012222	2	0	0
2013012223	1	0	0
2013012300	1	0	0
2013012301	1	0	0
2013012302	1	0	0
2013012303	1	0	0
2013012304	1	0	0
2013012305	1	0	0
2013012306	1	0	0
2013012307	2	0	0
2013012308	1	0	0
2013012309	1	0	0
2013012310	2	0	0
2013012311	2	0	0
2013012312	1	0	0
2013012313	1	0	0
2013012314	1	0	0
2013012315	1	0	0
2013012316	1	0	0
2013012317	1	0	0
2013012318	0	0	0
2013012319	0	0	0
2013012320	0	0	0
2013012321	1	0	0
2013012322	1	0	0
2013012323	0	0	0
2013012400	0	0	0
2013012401	0	0	0
2013012402	0	0	0
2013012403	1	0	0
2013012404	1	0	0
2013012405	1	0	0
2013012406	1	0	0
2013012407	1	0	0
2013012408	1	0	0
2013012409	2	0	0
2013012410	1	0	0
2013012411	1	0	0
2013012412	3	0	0
2013012413	2	0	0
2013012414	2	0	0
2013012415	2	0	0
2013012416	2	0	0
2013012417	2	0	0
2013012418	2	0	0
2013012419	2	0	0
2013012420	2	0	0
2013012421	2	0	0
2013012422	2	0	0
2013012423	2	0	0
2013012500	2	0	0
2013012501	2	0	0
2013012502	2	0	0
2013012503	2	0	0
2013012504	3	0	0
2013012505	4	0	0
2013012506	2	0	0
2013012507	3	0	0
2013012508	2	0	0
2013012509	2	0	0
2013012510	2	0	0
2013012511	2	0	0
2013012512	3	0	0
2013012513	3	0	0
2013012514	3	0	0
2013012515	3	0	0
2013012516	3	0	0
2013012517	2	0	0
2013012518	2	0	0
2013012519	1	0	0
2013012520	2	0	0
2013012521	3	0	0
2013012522	4	0	0
2013012523	4	0	0
2013012600	3	0	0
2013012601	2	0	0
2013012602	2	0	0
2013012603	2	0	0
2013012604	4	0	0
2013012605	4	0	0
2013012606	4	0	0
2013012607	4	0	0
2013012608	5	0	0
2013012609	3	0	0
2013012610	4	0	0
2013012611	4	0	0
2013012612	4	0	0
2013012613	3	0	0
2013012614	4	0	0
2013012615	4	0	0
2013012616	3	0	0
2013012617	4	0	0
2013012618	4	0	0
2013012619	5	0	0
2013012620	4	0	0
2013012621	4	0	0
2013012622	4	0	0
2013012623	2	0	0
2013012700	3	0	0
2013012701	1	0	0
2013012702	3	0	0
2013012703	4	0	0
2013012704	3	0	0
2013012705	2	0	0
2013012706	3	0	0
2013012707	3	0	0
2013012708	3	0	0
2013012709	3	0	0
2013012710	3	0	0
2013012711	2	0	0
2013012712	2	0	0
2013012713	3	0	0
2013012714	2	0	0
2013012715	3	0	0
2013012716	3	0	0
2013012717	3	0	0
2013012718	4	0	0
2013012719	5	0	0
2013012720	5	0	0
2013012721	5	0	0
2013012722	5	0	0
2013012723	5	0	0
2013012800	5	0	0
2013012801	4	0	0
2013012802	4	0	0
2013012803	4	0	0
2013012804	4	0	0
2013012805	3	0	0
2013012806	3	0	0
2013012807	3	0	0
2013012808	2	0	0
2013012809	3	0	0
2013012810	2	0	0
2013012811	3	0	0
2013012812	3	0	0
2013012813	3	0	0
2013012814	3	0	0
2013012815	3	0	0
2013012816	2	0	0
2013012817	2	0	0
2013012818	3	0	0
2013012819	3	0	0
2013012820	4	0	0
2013012821	3	0	0
2013012822	2	0	0
2013012823	3	0	0
2013012900	3	0	0
2013012901	3	0	0
2013012902	2	0	0
2013012903	2	0	0
2013012904	3	0	0
2013012905	4	0	0
2013012906	5	0	0
2013012907	5	0	0
2013012908	6	0	0
2013012909	4	0	8
2013012910	4	0	9
2013012911	5	0	9
2013012912	5	0	10
2013012913	4	0	0
2013012914	5	0	0
2013012915	4	0	0
2013012916	4	0	0
2013012917	4	0	0
2013012918	4	9	9
2013012919	4	0	0
2013012920	3	0	0
2013012921	3	0	0
2013012922	3	0	0
2013012923	3	0	0
2013013000	3	0	0
2013013001	3	0	0
2013013002	2	0	0
2013013003	3	0	0
2013013004	3	0	0
2013013005	4	0	0
2013013006	3	0	0
2013013007	5	0	0
2013013008	4	0	0
2013013009	4	0	0
2013013010	5	0	0
2013013011	4	0	10
2013013012	5	0	10
2013013013	4	0	0
2013013014	4	0	0
2013013015	6	0	0
2013013016	5	0	0
2013013017	5	10	10
2013013018	6	0	10
2013013019	6	0	11
2013013020	8	0	0
2013013021	4	0	11
2013013022	6	0	0
2013013023	5	0	0
2013013100	7	0	11
2013013101	5	0	11
2013013102	5	0	0
2013013103	4	0	11
2013013104	6	0	10
2013013105	9	0	13
2013013106	8	0	13
2013013107	8	0	13
2013013108	8	14	14
2013013109	9	0	14
2013013110	9	0	15
2013013111	9	0	0
2013013112	9	14	15
2013013113	11	0	17
2013013114	10	0	17
2013013115	6	0	17
2013013116	4	0	0
2013013117	4	0	0
2013013118	5	0	17
2013013119	10	16	16
2013013120	9	14	14
2013013121	6	0	16
2013013122	6	0	0
2013013123	6	0	0
2013020100	8	0	16
2013020101	8	0	0
2013020102	7	0	11
2013020103	8	14	14
2013020104	10	0	14
2013020105	9	14	14
2013020106	9	0	15
2013020107	8	13	14
2013020108	9	0	0
2013020109	8	13	14
2013020110	8	13	13
2013020111	5	0	11
2013020112	6	0	14
2013020113	5	0	0
2013020114	5	0	11
2013020115	4	0	11
2013020116	2	0	0
2013020117	3	0	0
2013020118	2	0	11
2013020119	3	0	0
2013020120	3	0	0
2013020121	4	0	0
2013020122	4	0	0
2013020123	5	0	0
2013020200	4	0	0
2013020201	4	0	0
2013020202	5	0	0
2013020203	5	0	0
2013020204	4	0	0
2013020205	4	0	0
2013020206	3	0	0
2013020207	3	0	0
2013020208	2	0	0
2013020209	2	0	0
2013020210	4	0	0
2013020211	5	0	0
2013020212	6	0	0
2013020213	5	0	0
2013020214	6	0	0
2013020215	7	0	0
2013020216	6	0	0
2013020217	6	0	10
2013020218	5	0	10
2013020219	5	10	10
2013020220	5	0	0
2013020221	5	0	10
2013020222	4	0	0
2013020223	5	0	0
2013020300	4	0	10
2013020301	5	0	0
2013020302	4	0	0
2013020303	4	0	0
2013020304	4	0	0
2013020305	4	0	0
2013020306	4	0	0
2013020307	4	0	0
2013020308	5	0	0
2013020309	4	0	0
2013020310	5	0	0
2013020311	5	0	0
2013020312	5	0	0
2013020313	4	0	0
2013020314	3	0	0
2013020315	3	0	0
2013020316	3	0	0
2013020317	3	0	0
2013020318	4	0	10
2013020319	3	0	0
2013020320	5	0	0
2013020321	4	0	0
2013020322	3	0	0
2013020323	3	0	0
2013020400	3	0	0
2013020401	3	0	0
2013020402	4	0	0
2013020403	4	0	0
2013020404	5	0	0
2013020405	4	0	0
2013020406	4	0	0
2013020407	4	0	0
2013020408	4	0	0
2013020409	4	0	0
2013020410	5	0	0
2013020411	4	0	0
2013020412	5	0	0
2013020413	4	0	0
2013020414	4	0	9
2013020415	4	0	9
2013020416	4	0	0
2013020417	5	0	0
2013020418	7	12	12
2013020419	5	0	12
2013020420	6	11	11
2013020421	5	0	12
2013020422	6	0	0
2013020423	4	0	0
2013020500	5	0	12
2013020501	3	0	0
2013020502	3	0	0
2013020503	3	0	0
2013020504	4	0	0
2013020505	4	0	0
2013020506	4	0	0
2013020507	5	0	0
2013020508	4	9	9
2013020509	3	0	9
2013020510	4	0	0
2013020511	4	0	0
2013020512	4	0	9
2013020513	4	0	0
2013020514	5	10	11
2013020515	3	0	11
2013020516	4	0	0
2013020517	3	0	0
2013020518	4	0	11
2013020519	5	0	0
2013020520	7	0	0
2013020521	5	0	0
2013020522	3	0	0
2013020523	3	0	0
2013020600	3	0	0
2013020601	2	0	0
2013020602	3	0	0
2013020603	1	0	0
2013020604	1	0	0
2013020605	1	0	0
2013020606	1	0	0
2013020607	1	0	0
2013020608	3	0	0
2013020609	2	0	0
2013020610	3	0	0
2013020611	2	0	0
2013020612	3	0	0
2013020613	2	0	0
2013020614	3	0	0
2013020615	6	0	0
2013020616	5	0	0
2013020617	3	0	0
2013020618	2	0	0
2013020619	1	0	0
2013020620	1	0	0
2013020621	1	0	0
2013020622	1	0	0
2013020623	1	0	0
2013020700	0	0	0
2013020701	1	0	0
2013020702	0	0	0
2013020703	1	0	0
2013020704	0	0	0
2013020705	1	0	0
2013020706	1	0	0
2013020707	1	0	0
2013020708	1	0	0
2013020709	0	0	0
2013020710	1	0	0
2013020711	2	0	0
2013020712	2	0	0
2013020713	2	0	0
2013020714	2	0	0
2013020715	2	0	0
2013020716	1	0	0
2013020717	1	0	0
2013020718	2	0	0
2013020719	2	0	0
2013020720	3	0	0
2013020721	3	0	0
2013020722	3	0	0
2013020723	3	0	0
2013020800	2	0	0
2013020801	2	0	0
2013020802	3	0	0
2013020803	2	0	0
2013020804	4	0	0
2013020805	3	0	0
2013020806	3	0	0
2013020807	2	0	0
2013020808	2	0	0
2013020809	3	0	0
2013020810	3	0	0
2013020811	2	0	0
2013020812	3	0	0
2013020813	4	0	0
2013020814	3	0	0
2013020815	2	0	0
2013020816	1	0	0
2013020817	1	0	0
2013020818	0	0	0
2013020819	1	0	0
2013020820	0	0	0
2013020821	1	0	0
2013020822	1	0	0
2013020823	1	0	0
2013020900	1	0	0
2013020901	2	0	0
2013020902	1	0	0
2013020903	1	0	0
2013020904	1	0	0
2013020905	1	0	0
2013020906	2	0	0
2013020907	2	0	0
2013020908	2	0	0
2013020909	2	0	0
2013020910	3	0	0
2013020911	3	0	0
2013020912	2	0	0
2013020913	2	0	0
2013020914	2	0	0
2013020915	2	0	0
2013020916	1	0	0
2013020917	1	0	0
2013020918	0	0	0
2013020919	1	0	0
2013020920	1	0	0
2013020921	1	0	0
2013020922	2	0	0
2013020923	1	0	0
2013021000	1	0	0
2013021001	1	0	0
2013021002	2	0	0
2013021003	1	0	0
2013021004	1	0	0
2013021005	1	0	0
2013021006	1	0	0
2013021007	1	0	0
2013021008	2	0	0
2013021009	2	0	0
2013021010	2	0	0
2013021011	2	0	0
2013021012	2	0	0
2013021013	2	0	0
2013021014	3	0	0
2013021015	2	0	0
2013021016	2	0	0
2013021017	2	0	0
2013021018	2	0	0
2013021019	3	0	0
2013021020	3	0	0
2013021021	2	0	0
2013021022	3	0	0
2013021023	2	0	0
2013021100	3	0	0
2013021101	3	0	0
2013021102	3	0	0
2013021103	3	0	0
2013021104	3	0	0
2013021105	2	0	0
2013021106	2	0	0
2013021107	4	0	0
2013021108	4	0	0
2013021109	3	0	0
2013021110	3	0	0
2013021111	4	0	0
2013021112	3	0	0
2013021113	2	0	0
2013021114	2	0	0
2013021115	2	0	0
2013021116	2	0	0
2013021117	3	0	0
2013021118	2	0	0
2013021119	1	0	0
2013021120	1	0	0
2013021121	2	0	0
2013021122	2	0	0
2013021123	2	0	0
2013021200	2	0	0
2013021201	2	0	0
2013021202	3	0	0
2013021203	3	0	0
2013021204	3	0	0
2013021205	3	0	0
2013021206	2	0	0
2013021207	3	0	0
2013021208	3	0	0
2013021209	2	0	0
2013021210	3	0	0
2013021211	3	0	0
2013021212	3	0	0
2013021213	4	0	0
2013021214	4	0	0
2013021215	3	0	0
2013021216	3	0	0
2013021217	2	0	0
2013021218	2	0	0
2013021219	2	0	0
2013021220	1	0	0
2013021221	2	0	0
2013021222	2	0	0
2013021223	1	0	0
2013021300	1	0	0
2013021301	2	0	0
2013021302	2	0	0
2013021303	2	0	0
2013021304	1	0	0
2013021305	1	0	0
2013021306	1	0	0
2013021307	1	0	0
2013021308	1	0	0
2013021309	2	0	0
2013021310	2	0	0
2013021311	2	0	0
2013021312	2	0	0
2013021313	2	0	0
2013021314	2	0	0
2013021315	2	0	0
2013021316	2	0	0
2013021317	2	0	0
2013021318	2	0	0
2013021319	2	0	0
2013021320	2	0	0
2013021321	2	0	0
2013021322	2	0	0
2013021323	2	0	0
2013021400	2	0	0
2013021401	2	0	0
2013021402	3	0	0
2013021403	2	0	0
2013021404	2	0	0
2013021405	3	0	0
2013021406	2	0	0
2013021407	2	0	0
2013021408	2	0	0
2013021409	2	0	0
2013021410	1	0	0
2013021411	1	0	0
2013021412	2	0	0
2013021413	2	0	0
2013021414	2	0	0
2013021415	1	0	0
2013021416	1	0	0
2013021417	1	0	0
2013021418	1	0	0
2013021419	2	0	0
2013021420	2	0	0
2013021421	2	0	0
2013021422	2	0	0
2013021423	2	0	0
2013021500	2	0	0
2013021501	2	0	0
2013021502	2	0	0
2013021503	1	0	0
2013021504	2	0	0
2013021505	2	0	0
2013021506	1	0	0
2013021507	2	0	0
2013021508	2	0	0
2013021509	2	0	0
2013021510	3	0	0
2013021511	2	0	0
2013021512	2	0	0
2013021513	2	0	0
2013021514	2	0	0
2013021515	2	0	0
2013021516	2	0	0
2013021517	1	0	0
2013021518	1	0	0
2013021519	1	0	0
2013021520	1	0	0
2013021521	1	0	0
2013021522	1	0	0
2013021523	1	0	0
2013021600	1	0	0
2013021601	1	0	0
2013021602	1	0	0
2013021603	2	0	0
2013021604	1	0	0
2013021605	1	0	0
2013021606	2	0	0
2013021607	1	0	0
2013021608	1	0	0
2013021609	1	0	0
2013021610	1	0	0
2013021611	1	0	0
2013021612	1	0	0
2013021613	2	0	0
2013021614	2	0	0
2013021615	1	0	0
2013021616	1	0	0
2013021617	1	0	0
2013021618	2	0	0
2013021619	1	0	0
2013021620	2	0	0
2013021621	2	0	0
2013021622	2	0	0
2013021623	3	0	0
2013021700	3	0	0
2013021701	2	0	0
2013021702	2	0	0
2013021703	2	0	0
2013021704	3	0	0
2013021705	2	0	0
2013021706	2	0	0
2013021707	2	0	0
2013021708	2	0	0
2013021709	3	0	0
2013021710	2	0	0
2013021711	2	0	0
2013021712	2	0	0
2013021713	2	0	0
2013021714	2	0	0
2013021715	2	0	0
2013021716	2	0	0
2013021717	2	0	0
2013021718	2	0	0
2013021719	2	0	0
2013021720	1	0	0
2013021721	1	0	0
2013021722	1	0	0
2013021723	2	0	0
2013021800	0	5	5
2013021801	2	0	0
2013021802	1	0	0
2013021803	0	0	0
2013021804	2	0	0
2013021805	2	0	0
2013021806	2	0	0
2013021807	2	0	0
2013021808	3	0	0
2013021809	2	0	0
2013021810	3	0	0
2013021811	2	0	0
2013021812	2	0	0
2013021813	2	0	0
2013021814	2	0	0
2013021815	2	0	0
2013021816	4	0	0
2013021817	3	0	0
2013021818	2	0	0
2013021819	1	0	0
2013021820	2	0	0
2013021821	3	0	0
2013021822	4	0	0
2013021823	3	0	0
2013021900	3	0	0
2013021901	4	0	0
2013021902	4	0	0
2013021903	4	0	0
2013021904	4	0	0
2013021905	4	0	0
2013021906	4	0	0
2013021907	5	0	0
2013021908	5	0	0
2013021909	5	0	10
2013021910	4	0	0
2013021911	5	0	10
2013021912	5	0	10
2013021913	5	0	0
2013021914	5	0	0
2013021915	5	0	0
2013021916	4	0	0
2013021917	3	0	0
2013021918	2	0	0
2013021919	2	0	0
2013021920	3	0	0
2013021921	4	0	0
2013021922	4	0	0
2013021923	4	0	0
2013022000	4	0	0
2013022001	3	0	0
2013022002	3	0	0
2013022003	3	0	0
2013022004	3	0	0
2013022005	3	0	0
2013022006	3	0	0
2013022007	3	0	0
2013022008	3	0	0
2013022009	3	0	0
2013022010	3	0	0
2013022011	3	0	0
2013022012	4	0	0
2013022013	3	0	0
2013022014	3	0	0
2013022015	3	0	0
2013022016	3	0	0
2013022017	3	0	0
2013022018	2	0	0
2013022019	3	0	0
2013022020	3	0	0
2013022021	2	0	0
2013022022	2	0	0
2013022023	2	0	0
2013022100	2	0	0
2013022101	3	0	0
2013022102	3	0	0
2013022103	3	0	0
2013022104	2	0	0
2013022105	3	0	0
2013022106	2	0	0
2013022107	2	0	0
2013022108	2	0	0
2013022109	3	0	0
2013022110	3	0	0
2013022111	2	0	0
2013022112	3	0	0
2013022113	3	0	0
2013022114	2	0	0
2013022115	2	0	0
2013022116	2	0	0
2013022117	2	0	0
2013022118	1	0	0
2013022119	1	0	0
2013022120	1	0	0
2013022121	1	0	0
2013022122	1	0	0
2013022123	2	0	0
2013022200	2	0	0
2013022201	2	0	0
2013022202	2	0	0
2013022203	2	0	0
2013022204	2	0	0
2013022205	3	0	0
2013022206	2	0	0
2013022207	3	0	0
2013022208	4	0	0
2013022209	4	0	0
2013022210	5	10	10
2013022211	6	0	11
2013022212	6	11	11
2013022213	5	0	11
2013022214	5	10	12
2013022215	6	0	12
2013022216	5	10	10
2013022217	4	0	11
2013022218	4	0	12
2013022219	4	0	9
2013022220	4	0	0
2013022221	5	0	9
2013022222	4	0	0
2013022223	3	0	0
2013022300	3	0	9
2013022301	3	0	0
2013022302	3	0	0
2013022303	2	0	0
2013022304	2	0	0
2013022305	2	0	0
2013022306	2	0	0
2013022307	4	0	0
2013022308	3	0	0
2013022309	4	0	0
2013022310	4	0	8
2013022311	4	0	9
2013022312	5	0	9
2013022313	5	10	10
2013022314	5	0	10
2013022315	4	0	10
2013022316	5	0	0
2013022317	5	0	0
2013022318	6	0	10
2013022319	5	0	0
2013022320	4	0	0
2013022321	4	0	0
2013022322	4	0	0
2013022323	4	0	0
2013022400	4	0	0
2013022401	4	0	0
2013022402	3	0	0
2013022403	3	0	0
2013022404	3	0	0
2013022405	4	0	0
2013022406	4	0	0
2013022407	4	0	0
2013022408	5	0	0
2013022409	5	0	0
2013022410	6	0	0
2013022411	5	0	0
2013022412	5	0	0
2013022413	4	0	0
2013022414	5	0	0
2013022415	3	0	0
2013022416	3	0	0
2013022417	3	0	0
2013022418	3	0	0
2013022419	4	0	0
2013022420	3	0	0
2013022421	3	0	0
2013022422	2	0	0
2013022423	3	0	0
2013022500	4	0	0
2013022501	3	0	0
2013022502	3	0	0
2013022503	3	0	0
2013022504	3	0	0
2013022505	4	0	0
2013022506	4	0	0
2013022507	5	0	0
2013022508	4	0	0
2013022509	5	0	0
2013022510	4	0	0
2013022511	3	0	0
2013022512	3	0	0
2013022513	3	0	0
2013022514	2	0	0
2013022515	2	0	0
2013022516	3	0	0
2013022517	3	0	0
2013022518	3	0	0
2013022519	2	0	0
2013022520	2	0	0
2013022521	2	0	0
2013022522	1	0	0
2013022523	2	0	0
2013022600	2	0	0
2013022601	2	0	0
2013022602	1	0	0
2013022603	2	0	0
2013022604	2	0	0
2013022605	2	0	0
2013022606	2	0	0
2013022607	2	0	0
2013022608	2	0	0
2013022609	2	0	0
2013022610	2	0	0
2013022611	2	0	0
2013022612	2	0	0
2013022613	2	0	0
2013022614	2	0	0
2013022615	2	0	0
2013022616	2	0	0
2013022617	2	0	0
2013022618	2	0	0
2013022619	1	0	0
2013022620	1	0	0
2013022621	2	0	0
2013022622	2	0	0
2013022623	2	0	0
2013022700	2	0	0
2013022701	2	0	0
2013022702	2	0	0
2013022703	2	0	0
2013022704	2	0	0
2013022705	2	0	0
2013022706	2	0	0
2013022707	2	0	0
2013022708	2	0	0
2013022709	2	0	0
2013022710	2	0	0
2013022711	1	0	0
2013022712	2	0	0
2013022713	2	0	0
2013022714	2	0	0
2013022715	2	0	0
2013022716	2	0	0
2013022717	2	0	0
2013022718	2	0	0
2013022719	2	0	0
2013022720	2	0	0
2013022721	1	0	0
2013022722	1	0	0
2013022723	1	0	0
2013022800	1	0	0
2013022801	1	0	0
2013022802	1	0	0
2013022803	1	0	0
2013022804	1	0	0
2013022805	1	0	0
2013022806	1	0	0
2013022807	1	0	0
2013022808	2	0	0
2013022809	2	0	0
2013022810	3	0	0
2013022811	3	0	0
2013022812	4	0	0
2013022813	4	0	0
2013022814	4	0	0
2013022815	4	0	0
2013022816	4	0	0
2013022817	3	0	0
2013022818	4	0	0
2013022819	4	0	0
2013022820	4	0	0
2013022821	6	0	0
2013022822	5	0	0
2013022823	5	0	0
2013030100	5	0	0
2013030101	6	0	0
2013030102	5	0	0
2013030103	5	0	0
2013030104	5	0	0
2013030105	4	0	0
2013030106	5	0	0
2013030107	5	0	0
2013030108	5	0	0
2013030109	5	0	0
2013030110	5	0	0
2013030111	5	0	0
2013030112	5	0	0
2013030113	5	0	0
2013030114	5	0	0
2013030115	5	0	0
2013030116	5	0	0
2013030117	4	0	0
2013030118	4	0	0
2013030119	4	0	0
2013030120	4	0	0
2013030121	4	0	0
2013030122	4	0	0
2013030123	3	0	0
2013030200	3	0	0
2013030201	4	0	0
2013030202	4	0	0
2013030203	3	0	0
2013030204	3	0	0
2013030205	3	0	0
2013030206	3	0	0
2013030207	4	0	0
2013030208	4	0	0
2013030209	4	0	0
2013030210	6	0	0
2013030211	5	0	0
2013030212	5	0	0
2013030213	5	0	0
2013030214	5	0	9
2013030215	5	0	9
2013030216	5	0	0
2013030217	3	0	0
2013030218	2	0	9
2013030219	4	0	0
2013030220	6	0	0
2013030221	6	0	0
2013030222	5	0	0
2013030223	6	0	0
2013030300	7	0	0
2013030301	8	0	0
2013030302	7	0	0
2013030303	7	0	0
2013030304	6	0	0
2013030305	6	0	0
2013030306	6	0	0
2013030307	6	0	0
2013030308	6	0	0
2013030309	6	0	11
2013030310	6	0	11
2013030311	6	0	11
2013030312	7	0	11
2013030313	6	0	0
2013030314	6	0	11
2013030315	5	0	11
2013030316	5	0	0
2013030317	4	0	0
2013030318	4	0	11
2013030319	3	0	0
2013030320	3	0	0
2013030321	3	0	0
2013030322	2	0	0
2013030323	2	0	0
2013030400	2	0	0
2013030401	2	0	0
2013030402	1	0	0
2013030403	2	0	0
2013030404	2	0	0
2013030405	1	0	0
2013030406	2	0	0
2013030407	2	0	0
2013030408	2	0	0
2013030409	2	0	0
2013030410	2	0	0
2013030411	3	0	0
2013030412	2	0	0
2013030413	2	0	0
2013030414	2	0	0
2013030415	1	0	0
2013030416	0	0	0
2013030417	1	0	0
2013030418	2	0	0
2013030419	3	0	0
2013030420	3	0	0
2013030421	2	0	0
2013030422	3	0	0
2013030423	4	0	0
2013030500	4	0	0
2013030501	5	0	0
2013030502	4	0	0
2013030503	4	0	0
2013030504	5	0	0
2013030505	5	0	0
2013030506	5	0	0
2013030507	5	0	0
2013030508	7	0	11
2013030509	5	0	11
2013030510	7	0	11
2013030511	6	0	11
2013030512	6	0	11
2013030513	5	0	0
2013030514	5	0	0
2013030515	4	0	0
2013030516	3	0	0
2013030517	3	0	0
2013030518	4	0	0
2013030519	3	0	0
2013030520	3	0	0
2013030521	4	0	0
2013030522	4	0	0
2013030523	3	0	0
2013030600	4	0	0
2013030601	5	0	0
2013030602	3	0	0
2013030603	3	0	0
2013030604	4	0	0
2013030605	2	0	9
2013030606	3	0	9
2013030607	5	0	0
2013030608	4	0	0
2013030609	5	10	11
2013030610	5	0	0
2013030611	5	0	0
2013030612	4	0	11
2013030613	3	0	0
2013030614	3	0	0
2013030615	2	0	0
2013030616	2	0	0
2013030617	2	0	0
2013030618	1	0	0
2013030619	3	0	0
2013030620	2	0	0
2013030621	2	0	0
2013030622	1	0	0
2013030623	2	0	0
2013030700	1	0	0
2013030701	1	0	0
2013030702	1	0	0
2013030703	2	0	0
2013030704	3	0	0
2013030705	3	0	0
2013030706	3	0	0
2013030707	3	0	0
2013030708	2	0	0
2013030709	3	0	0
2013030710	3	0	0
2013030711	3	0	0
2013030712	2	0	0
2013030713	3	0	0
2013030714	2	0	0
2013030715	3	0	0
2013030716	3	0	0
2013030717	4	0	0
2013030718	4	0	0
2013030719	5	0	0
2013030720	4	0	9
2013030721	5	0	10
2013030722	5	0	0
2013030723	5	0	9
2013030800	5	11	11
2013030801	5	10	10
2013030802	5	0	10
2013030803	4	0	10
2013030804	4	0	0
2013030805	5	10	10
2013030806	5	0	10
2013030807	4	0	10
2013030808	4	9	9
2013030809	3	0	10
2013030810	4	0	0
2013030811	3	0	0
2013030812	3	0	10
2013030813	3	0	0
2013030814	3	0	0
2013030815	3	0	0
2013030816	3	0	0
2013030817	3	0	0
2013030818	3	0	0
2013030819	3	0	0
2013030820	3	0	0
2013030821	3	0	0
2013030822	3	0	0
2013030823	3	0	0
2013030900	2	0	0
2013030901	2	0	0
2013030902	2	0	0
2013030903	2	0	0
2013030904	2	0	0
2013030905	2	0	0
2013030906	2	0	0
2013030907	2	0	0
2013030908	2	0	0
2013030909	2	0	0
2013030910	2	0	0
2013030911	2	0	0
2013030912	2	0	0
2013030913	2	0	0
2013030914	2	0	0
2013030915	2	0	0
2013030916	2	0	0
2013030917	2	0	0
2013030918	3	0	0
2013030919	2	0	0
2013030920	2	0	0
2013030921	3	0	0
2013030922	2	0	0
2013030923	2	0	0
2013031000	3	0	0
2013031001	3	0	0
2013031002	2	0	0
2013031003	3	0	0
2013031004	2	0	0
2013031005	2	0	0
2013031006	2	0	0
2013031007	3	0	0
2013031008	3	0	0
2013031009	3	0	0
2013031010	3	0	0
2013031011	3	0	0
2013031012	2	0	0
2013031013	3	0	0
2013031014	4	0	0
2013031015	4	0	0
2013031016	3	0	0
2013031017	3	0	0
2013031018	3	0	0
2013031019	3	0	0
2013031020	2	0	0
2013031021	3	0	0
2013031022	3	0	0
2013031023	3	0	0
2013031100	2	0	0
2013031101	1	0	0
2013031102	3	0	0
2013031103	3	0	0
2013031104	3	0	0
2013031105	3	0	0
2013031106	3	0	0
2013031107	1	0	0
2013031108	1	0	0
2013031109	2	0	0
2013031110	2	0	0
2013031111	3	0	0
2013031112	3	0	0
2013031113	3	0	0
2013031114	3	0	0
2013031115	3	0	0
2013031116	3	0	0
2013031117	2	0	0
2013031118	2	0	0
2013031119	2	0	0
2013031120	3	0	0
2013031121	3	0	0
2013031122	2	0	0
2013031123	2	0	0
2013031200	2	0	0
2013031201	2	0	0
2013031202	2	0	0
2013031203	2	0	0
2013031204	1	0	0
2013031205	2	0	0
2013031206	2	0	0
2013031207	2	0	0
2013031208	1	0	0
2013031209	1	0	0
2013031210	2	0	0
2013031211	2	0	0
2013031212	1	0	0
2013031213	2	0	0
2013031214	2	0	0
2013031215	2	0	0
2013031216	2	0	0
2013031217	2	0	0
2013031218	2	0	0
2013031219	2	0	0
2013031220	2	0	0
2013031221	2	0	0
2013031222	2	0	0
2013031223	2	0	0
2013031300	2	0	0
2013031301	2	0	0
2013031302	2	0	0
2013031303	3	0	0
2013031304	3	0	0
2013031305	2	0	0
2013031306	3	0	0
2013031307	2	0	0
2013031308	3	0	0
2013031309	2	0	0
2013031310	2	0	0
2013031311	2	0	0
2013031312	3	0	0
2013031313	3	0	0
2013031314	3	0	0
2013031315	3	0	0
2013031316	3	0	0
2013031317	3	0	0
2013031318	3	0	0
2013031319	3	0	0
2013031320	2	0	0
2013031321	2	0	0
2013031322	2	0	0
2013031323	2	0	0
2013031400	2	0	0
2013031401	2	0	0
2013031402	2	0	0
2013031403	3	0	0
2013031404	2	0	0
2013031405	2	0	0
2013031406	2	0	0
2013031407	3	0	0
2013031408	2	0	0
2013031409	4	0	0
2013031410	4	0	0
2013031411	3	0	0
2013031412	5	0	0
2013031413	5	0	0
2013031414	4	0	0
2013031415	5	0	0
2013031416	6	0	0
2013031417	4	0	0
2013031418	3	0	0
2013031419	3	0	0
2013031420	4	0	0
2013031421	4	0	0
2013031422	4	0	0
2013031423	4	0	0
2013031500	4	0	0
2013031501	4	0	0
2013031502	5	0	0
2013031503	5	0	10
2013031504	5	0	0
2013031505	6	0	0
2013031506	5	0	10
2013031507	5	0	0
2013031508	5	0	0
2013031509	6	11	11
2013031510	7	0	11
2013031511	7	13	13
2013031512	7	12	13
2013031513	7	0	12
2013031514	7	12	12
2013031515	6	0	12
2013031516	5	0	12
2013031517	4	0	9
2013031518	3	0	12
2013031519	2	0	0
2013031520	2	0	0
2013031521	2	0	0
2013031522	2	0	0
2013031523	3	0	0
2013031600	3	0	0
2013031601	3	0	0
2013031602	3	0	0
2013031603	3	0	0
2013031604	2	0	0
2013031605	2	0	0
2013031606	2	0	0
2013031607	3	0	0
2013031608	3	0	0
2013031609	3	0	0
2013031610	4	0	0
2013031611	3	0	0
2013031612	2	0	0
2013031613	3	0	0
2013031614	3	0	0
2013031615	2	0	0
2013031616	2	0	0
2013031617	1	0	0
2013031618	1	0	0
2013031619	1	0	0
2013031620	1	0	0
2013031621	1	0	0
2013031622	2	0	0
2013031623	2	0	0
2013031700	2	0	0
2013031701	3	0	0
2013031702	3	0	0
2013031703	3	0	0
2013031704	2	0	0
2013031705	2	0	0
2013031706	3	0	0
2013031707	5	0	0
2013031708	5	0	0
2013031709	6	0	0
2013031710	6	0	0
2013031711	5	0	0
2013031712	4	0	0
2013031713	6	0	10
2013031714	5	0	0
2013031715	5	10	11
2013031716	6	0	0
2013031717	5	0	10
2013031718	6	0	11
2013031719	5	0	0
2013031720	5	0	0
2013031721	5	0	0
2013031722	5	0	0
2013031723	5	0	0
2013031800	6	11	11
2013031801	6	0	10
2013031802	6	0	0
2013031803	6	0	11
2013031804	6	11	11
2013031805	5	0	0
2013031806	6	0	11
2013031807	5	0	0
2013031808	5	0	0
2013031809	6	0	0
2013031810	5	0	0
2013031811	6	0	0
2013031812	4	9	9
2013031813	5	0	0
2013031814	5	10	10
2013031815	5	0	10
2013031816	5	0	9
2013031817	6	0	0
2013031818	5	0	10
2013031819	5	0	0
2013031820	6	0	0
2013031821	6	0	0
2013031822	6	0	0
2013031823	6	0	0
2013031900	6	0	0
2013031901	5	0	0
2013031902	6	0	0
2013031903	5	0	0
2013031904	5	0	0
2013031905	5	0	0
2013031906	4	0	0
2013031907	3	0	0
2013031908	3	0	0
2013031909	3	0	0
2013031910	2	0	0
2013031911	5	0	0
2013031912	9	0	0
2013031913	6	0	0
2013031914	6	0	0
2013031915	5	0	0
2013031916	5	10	10
2013031917	4	0	0
2013031918	4	0	10
2013031919	5	0	0
2013031920	4	0	0
2013031921	5	0	0
2013031922	5	0	0
2013031923	5	0	0
2013032000	4	0	0
2013032001	4	0	0
2013032002	3	0	0
2013032003	3	0	0
2013032004	2	0	0
2013032005	3	0	0
2013032006	3	0	0
2013032007	4	0	0
2013032008	3	0	0
2013032009	3	0	0
2013032010	3	0	0
2013032011	2	0	0
2013032012	2	0	0
2013032013	2	0	0
2013032014	2	0	0
2013032015	1	0	0
2013032016	1	0	0
2013032017	1	0	0
2013032018	2	0	0
2013032019	2	0	0
2013032020	2	0	0
2013032021	3	0	0
2013032022	3	0	0
2013032023	4	0	0
2013032100	2	0	0
2013032101	2	0	0
2013032102	2	0	0
2013032103	2	0	0
2013032104	4	0	0
2013032105	3	0	0
2013032106	1	0	0
2013032107	2	0	0
2013032108	2	0	0
2013032109	3	0	0
2013032110	2	0	0
2013032111	2	0	0
2013032112	1	0	0
2013032113	3	0	0
2013032114	3	0	0
2013032115	2	0	0
2013032116	4	0	0
2013032117	4	0	0
2013032118	3	0	0
2013032119	4	0	0
2013032120	3	0	0
2013032121	4	0	0
2013032122	3	0	0
2013032123	3	0	0
2013032200	4	0	0
2013032201	3	0	0
2013032202	4	0	0
2013032203	4	0	0
2013032204	3	0	0
2013032205	4	0	0
2013032206	4	0	0
2013032207	4	0	0
2013032208	4	0	0
2013032209	4	0	0
2013032210	4	0	0
2013032211	5	0	0
2013032212	4	0	0
2013032213	5	0	0
2013032214	4	0	0
2013032215	4	0	0
2013032216	4	0	0
2013032217	4	0	0
2013032218	3	0	0
2013032219	3	0	0
2013032220	2	0	0
2013032221	3	0	0
2013032222	3	0	0
2013032223	3	0	0
2013032300	3	0	0
2013032301	2	0	0
2013032302	2	0	0
2013032303	3	0	0
2013032304	2	0	0
2013032305	3	0	0
2013032306	3	0	0
2013032307	4	0	0
2013032308	4	0	0
2013032309	4	0	0
2013032310	4	0	0
2013032311	4	0	0
2013032312	4	0	0
2013032313	5	0	0
2013032314	4	0	0
2013032315	4	0	0
2013032316	4	0	0
2013032317	3	0	0
2013032318	2	0	0
2013032319	1	0	0
2013032320	1	0	0
2013032321	2	0	0
2013032322	1	0	0
2013032323	1	0	0
2013032400	0	0	0
2013032401	1	0	0
2013032402	1	0	0
2013032403	0	0	0
2013032404	0	0	0
2013032405	0	0	0
2013032406	1	0	0
2013032407	2	0	0
2013032408	1	0	0
2013032409	3	0	0
2013032410	2	0	0
2013032411	3	0	0
2013032412	3	0	0
2013032413	3	0	0
2013032414	3	0	0
2013032415	4	0	0
2013032416	3	0	0
2013032417	4	0	0
2013032418	2	0	0
2013032419	2	0	0
2013032420	2	0	0
2013032421	2	0	0
2013032422	2	0	0
2013032423	2	0	0
2013032500	2	0	0
2013032501	2	0	0
2013032502	2	0	0
2013032503	2	0	0
2013032504	2	0	0
2013032505	3	0	0
2013032506	3	0	0
2013032507	3	0	0
2013032508	3	0	0
2013032509	4	0	0
2013032510	5	0	10
2013032511	5	0	0
2013032512	5	0	10
2013032513	5	0	10
2013032514	5	0	0
2013032515	5	0	10
2013032516	4	9	10
2013032517	4	0	0
2013032518	3	0	10
2013032519	3	0	0
2013032520	3	0	0
2013032521	3	0	0
2013032522	4	0	0
2013032523	3	0	0
2013032600	3	0	0
2013032601	3	0	0
2013032602	3	0	0
2013032603	3	0	0
2013032604	2	0	0
2013032605	3	0	0
2013032606	4	0	0
2013032607	4	0	0
2013032608	4	0	0
2013032609	5	0	0
2013032610	5	0	0
2013032611	6	0	12
2013032612	6	0	12
2013032613	4	9	11
2013032614	5	0	10
2013032615	5	0	11
2013032616	3	0	0
2013032617	3	0	0
2013032618	4	0	11
2013032619	3	0	0
2013032620	3	0	0
2013032621	3	0	0
2013032622	3	0	0
2013032623	3	0	0
2013032700	4	0	0
2013032701	4	0	0
2013032702	3	0	0
2013032703	3	0	0
2013032704	3	0	0
2013032705	3	0	0
2013032706	4	0	0
2013032707	5	0	0
2013032708	3	0	0
2013032709	5	0	0
2013032710	6	11	11
2013032711	5	0	10
2013032712	5	0	11
2013032713	5	0	0
2013032714	5	10	10
2013032715	4	0	10
2013032716	4	0	0
2013032717	4	0	0
2013032718	4	0	10
2013032719	4	0	0
2013032720	4	0	0
2013032721	4	0	0
2013032722	2	0	0
2013032723	3	0	0
2013032800	2	0	0
2013032801	2	0	0
2013032802	1	0	0
2013032803	2	0	0
2013032804	2	0	0
2013032805	2	0	0
2013032806	2	0	0
2013032807	3	0	0
2013032808	4	0	0
2013032809	4	0	0
2013032810	4	0	0
2013032811	4	0	0
2013032812	4	0	0
2013032813	4	0	0
2013032814	4	0	0
2013032815	5	0	0
2013032816	3	0	0
2013032817	3	0	0
2013032818	3	0	0
2013032819	4	0	0
2013032820	4	0	0
2013032821	5	0	0
2013032822	4	0	0
2013032823	4	0	0
2013032900	3	0	0
2013032901	5	0	0
2013032902	4	0	0
2013032903	4	0	0
2013032904	5	0	0
2013032905	5	0	0
2013032906	4	0	0
2013032907	4	0	0
2013032908	5	0	0
2013032909	6	0	0
2013032910	6	0	0
2013032911	5	0	0
2013032912	5	0	0
2013032913	4	0	0
2013032914	3	0	0
2013032915	2	0	0
2013032916	3	0	0
2013032917	4	0	0
2013032918	3	0	0
2013032919	3	0	0
2013032920	4	0	0
2013032921	4	0	0
2013032922	4	0	0
2013032923	3	0	0
2013033000	4	0	0
2013033001	4	0	0
2013033002	2	0	0
2013033003	3	0	0
2013033004	3	0	0
2013033005	3	0	0
2013033006	3	0	0
2013033007	5	0	0
2013033008	5	0	0
2013033009	4	0	0
2013033010	4	0	0
2013033011	4	0	0
2013033012	3	0	0
2013033013	3	0	0
2013033014	3	0	0
2013033015	2	0	0
2013033016	2	0	0
2013033017	2	0	0
2013033018	2	0	0
2013033019	2	0	0
2013033020	1	0	0
2013033021	2	0	0
2013033022	2	0	0
2013033023	2	0	0
2013033100	2	0	0
2013033101	2	0	0
2013033102	3	0	0
2013033103	2	0	0
2013033104	3	0	0
2013033105	2	0	0
2013033106	3	0	0
2013033107	4	0	0
2013033108	4	0	0
2013033109	4	0	0
2013033110	3	0	0
2013033111	4	0	9
2013033112	5	0	9
2013033113	5	0	0
2013033114	5	0	0
2013033115	4	0	0
2013033116	4	0	9
2013033117	5	0	0
2013033118	5	0	9
2013033119	5	0	0
2013033120	5	0	0
2013033121	4	0	0
2013033122	4	0	0
2013033123	4	0	0
